work_order_id,opened_at,closed_at,property_area,system_type,issue_type,maintenance_type,priority,shift,technician_id,asset_age_years,guest_impact,room_out_of_order,response_minutes,repair_minutes,downtime_hours,labor_hours,parts_cost,labor_cost,total_cost,sla_target_minutes,sla_met,repeat_within_30_days,guest_satisfaction
WO-00833,2025-01-01 08:05:00,2025-01-01 09:44:00,Lobby,General Maintenance,Furniture repair,Corrective,Medium,Day,ENG-04,1,False,False,38,61,1.65,1.02,24.84,39.27,64.11,120,True,True,
WO-00394,2025-01-01 09:24:00,2025-01-01 10:54:00,Guest Room,Plumbing,Low water pressure,Corrective,High,Day,ENG-01,8,True,True,11,79,1.5,1.32,140.44,50.82,191.26,30,True,False,4.6
WO-00903,2025-01-01 10:43:00,2025-01-01 12:27:00,Lobby,HVAC,Condensate leak,Corrective,High,Day,ENG-04,5,False,False,38,66,1.73,1.1,16.46,42.35,58.81,30,False,False,
WO-00852,2025-01-01 22:31:00,2025-01-02 02:28:00,Kitchen,Refrigeration,Coil cleaning,Preventive,Medium,Evening,ENG-07,8,False,False,84,153,3.95,2.55,23.4,98.17,121.57,120,True,True,
WO-00080,2025-01-02 06:48:00,2025-01-02 09:36:00,Meeting Space,HVAC,Condensate leak,Corrective,Emergency,Overnight,ENG-08,5,False,False,17,151,2.8,2.52,162.45,97.02,259.47,15,False,False,
WO-00364,2025-01-02 08:53:00,2025-01-02 10:35:00,Guest Room,HVAC,Thermostat fault,Corrective,Medium,Day,ENG-02,13,False,False,46,56,1.7,0.93,99.16,35.8,134.96,120,True,True,
WO-00153,2025-01-02 12:04:00,2025-01-02 13:49:00,Guest Room,Plumbing,Fixture leak,Corrective,High,Day,ENG-02,12,False,False,17,88,1.75,1.47,26.3,56.59,82.89,30,True,False,
WO-00106,2025-01-02 15:31:00,2025-01-02 19:40:00,Kitchen,Refrigeration,Temperature above range,Corrective,Medium,Evening,ENG-07,4,False,False,111,138,4.15,2.3,21.48,88.55,110.03,120,True,False,
WO-00715,2025-01-02 21:00:00,2025-01-03 00:18:00,Meeting Space,HVAC,Filter replacement,Corrective,Emergency,Evening,ENG-06,7,False,False,8,190,3.3,3.17,87.65,122.05,209.7,15,True,False,
WO-00870,2025-01-03 19:52:00,2025-01-03 21:29:00,Guest Room,Plumbing,Preventive inspection,Corrective,Emergency,Evening,ENG-07,2,False,False,10,87,1.62,1.45,160.92,55.82,216.74,15,True,False,
WO-00930,2025-01-03 20:23:00,2025-01-03 22:35:00,Lobby,HVAC,Condensate leak,Corrective,High,Evening,ENG-07,11,True,False,16,116,2.2,1.93,47.59,74.3,121.89,30,True,False,4.0
WO-00312,2025-01-04 11:05:00,2025-01-04 12:52:00,Kitchen,Plumbing,Drain blockage,Corrective,Medium,Day,ENG-02,8,False,False,37,70,1.78,1.17,24.56,45.04,69.6,120,True,False,
WO-00381,2025-01-04 12:03:00,2025-01-04 16:48:00,Guest Room,Electrical,Preventive inspection,Preventive,Low,Day,ENG-03,8,True,False,261,24,4.75,0.4,22.95,15.4,38.35,240,False,False,3.1
WO-00558,2025-01-04 19:36:00,2025-01-04 21:03:00,Guest Room,Electrical,Outlet failure,Corrective,High,Evening,ENG-07,8,True,True,8,79,1.45,1.32,17.96,50.82,68.78,30,True,False,5.0
WO-00201,2025-01-04 22:47:00,2025-01-05 02:47:00,Laundry,Plumbing,Fixture leak,Corrective,Medium,Evening,ENG-06,5,False,False,154,86,4.0,1.43,72.17,55.05,127.22,120,False,False,
WO-00340,2025-01-05 09:10:00,2025-01-05 14:13:00,Kitchen,Refrigeration,Temperature above range,Corrective,Low,Day,ENG-02,6,False,False,204,99,5.05,1.65,342.03,63.52,405.55,240,True,True,
WO-00288,2025-01-05 09:19:00,2025-01-05 10:24:00,Guest Room,General Maintenance,Preventive inspection,Preventive,Medium,Day,ENG-02,9,False,False,35,30,1.08,0.5,27.96,19.25,47.21,120,True,False,
WO-01171,2025-01-05 13:36:00,2025-01-05 14:48:00,Guest Room,Electrical,Control panel fault,Corrective,Medium,Day,ENG-04,11,True,False,32,40,1.2,0.67,155.31,25.8,181.11,120,True,False,4.3
WO-01127,2025-01-05 14:07:00,2025-01-05 16:51:00,Kitchen,Refrigeration,Compressor fault,Corrective,Medium,Day,ENG-02,5,False,False,66,98,2.73,1.63,61.36,62.75,124.11,120,True,False,
WO-01110,2025-01-05 16:38:00,2025-01-05 19:05:00,Guest Room,HVAC,Filter replacement,Preventive,Medium,Evening,ENG-06,6,False,False,57,90,2.45,1.5,50.26,57.75,108.01,120,True,False,
WO-00319,2025-01-05 16:56:00,2025-01-05 20:22:00,Guest Room,Electrical,Preventive inspection,Corrective,Medium,Evening,ENG-05,6,True,False,73,133,3.43,2.22,66.15,85.47,151.62,120,True,False,4.0
WO-01156,2025-01-05 19:43:00,2025-01-05 23:10:00,Lobby,HVAC,Thermostat fault,Corrective,Low,Evening,ENG-05,13,True,False,120,87,3.45,1.45,75.04,55.82,130.86,240,True,False,4.5
WO-00217,2025-01-06 12:22:00,2025-01-06 15:13:00,Guest Room,HVAC,Thermostat fault,Corrective,Medium,Day,ENG-01,10,True,False,36,135,2.85,2.25,440.23,86.62,526.85,120,True,False,4.9
WO-01077,2025-01-06 18:01:00,2025-01-06 19:26:00,Laundry,Plumbing,Preventive inspection,Preventive,Medium,Evening,ENG-07,6,False,False,56,29,1.42,0.48,20.41,18.48,38.89,120,True,False,
WO-00918,2025-01-06 19:20:00,2025-01-06 23:32:00,Kitchen,Refrigeration,Ice buildup,Corrective,Low,Evening,ENG-06,7,False,False,159,93,4.2,1.55,195.92,59.68,255.6,240,True,False,
WO-00432,2025-01-07 16:52:00,2025-01-07 19:04:00,Guest Room,HVAC,Fan motor failure,Corrective,High,Evening,ENG-06,14,True,False,16,116,2.2,1.93,26.81,74.3,101.11,30,True,False,5.0
WO-01144,2025-01-07 18:38:00,2025-01-07 22:28:00,Guest Room,Electrical,Outlet failure,Corrective,Medium,Evening,ENG-06,12,False,False,123,107,3.83,1.78,256.84,68.53,325.37,120,False,False,
WO-00331,2025-01-07 20:08:00,2025-01-07 21:29:00,Meeting Space,HVAC,Fan motor failure,Corrective,Emergency,Evening,ENG-05,11,False,False,15,66,1.35,1.1,188.42,42.35,230.77,15,True,False,
WO-00054,2025-01-08 08:02:00,2025-01-08 10:05:00,Guest Room,General Maintenance,Signage repair,Corrective,Medium,Day,ENG-02,4,True,False,68,55,2.05,0.92,19.93,35.42,55.35,120,True,False,4.5
WO-01050,2025-01-08 10:00:00,2025-01-08 13:33:00,Exterior,General Maintenance,Preventive inspection,Preventive,Low,Day,ENG-04,6,False,False,174,39,3.55,0.65,14.66,25.03,39.69,240,True,False,
WO-00516,2025-01-08 12:31:00,2025-01-08 16:15:00,Mechanical Room,Refrigeration,Ice buildup,Corrective,Medium,Day,ENG-04,8,False,False,45,179,3.73,2.98,125.62,114.73,240.35,120,True,False,
WO-00469,2025-01-09 01:34:00,2025-01-09 03:54:00,Guest Room,General Maintenance,Signage repair,Corrective,Medium,Overnight,ENG-09,12,True,False,88,52,2.33,0.87,4.87,33.49,38.36,120,True,False,5.0
WO-00855,2025-01-09 03:02:00,2025-01-09 06:00:00,Guest Room,Life Safety,Panel communication fault,Corrective,Medium,Overnight,ENG-09,2,False,False,105,73,2.97,1.22,132.79,46.97,179.76,120,True,False,
WO-00323,2025-01-09 10:03:00,2025-01-09 12:27:00,Guest Room,Plumbing,Low water pressure,Corrective,Medium,Day,ENG-04,3,True,False,53,91,2.4,1.52,109.75,58.52,168.27,120,True,False,5.0
WO-00404,2025-01-09 13:42:00,2025-01-09 15:21:00,Guest Room,Life Safety,Sprinkler inspection,Corrective,Medium,Day,ENG-01,11,False,False,36,63,1.65,1.05,38.88,40.43,79.31,120,True,True,
WO-00483,2025-01-09 13:54:00,2025-01-09 15:34:00,Guest Room,Plumbing,Preventive inspection,Preventive,Medium,Day,ENG-02,12,True,False,54,46,1.67,0.77,28.97,29.64,58.61,120,True,False,4.7
WO-00620,2025-01-09 19:14:00,2025-01-09 23:20:00,Kitchen,Refrigeration,Coil cleaning,Preventive,Low,Evening,ENG-06,11,True,False,174,72,4.1,1.2,22.6,46.2,68.8,240,True,False,4.3
WO-00155,2025-01-09 19:53:00,2025-01-09 22:34:00,Laundry,Refrigeration,Coil cleaning,Corrective,Medium,Evening,ENG-06,8,False,False,57,104,2.68,1.73,52.03,66.61,118.64,120,True,False,
WO-00330,2025-01-09 21:31:00,2025-01-10 01:05:00,Guest Room,HVAC,Condensate leak,Corrective,Medium,Evening,ENG-07,15,True,False,61,153,3.57,2.55,211.7,98.17,309.87,120,True,False,4.1
WO-00255,2025-01-10 02:45:00,2025-01-10 05:28:00,Guest Room,HVAC,Thermostat fault,Preventive,Low,Overnight,ENG-08,6,True,False,112,51,2.72,0.85,40.34,32.73,73.07,240,True,False,4.9
WO-00749,2025-01-10 06:19:00,2025-01-10 08:12:00,Guest Room,HVAC,Room not cooling,Corrective,High,Overnight,ENG-09,6,True,False,16,97,1.88,1.62,158.49,62.37,220.86,30,True,False,4.5
WO-00709,2025-01-10 09:29:00,2025-01-10 12:02:00,Guest Room,HVAC,Thermostat fault,Corrective,Medium,Day,ENG-02,14,True,False,36,117,2.55,1.95,66.79,75.08,141.87,120,True,False,4.6
WO-00179,2025-01-10 10:15:00,2025-01-10 15:20:00,Meeting Space,HVAC,Thermostat fault,Preventive,Low,Day,ENG-03,19,False,False,188,117,5.08,1.95,38.74,75.08,113.82,240,True,False,
WO-00435,2025-01-10 18:26:00,2025-01-10 19:43:00,Guest Room,General Maintenance,Furniture repair,Corrective,High,Evening,ENG-07,1,False,False,40,37,1.28,0.62,16.97,23.87,40.84,30,False,False,
WO-00916,2025-01-11 09:43:00,2025-01-11 11:25:00,Guest Room,Plumbing,Low water pressure,Corrective,High,Day,ENG-02,6,True,True,24,78,1.7,1.3,193.46,50.05,243.51,30,True,False,4.2
WO-01105,2025-01-11 11:37:00,2025-01-11 13:27:00,Guest Room,Plumbing,No hot water,Corrective,High,Day,ENG-02,8,True,True,22,88,1.83,1.47,68.61,56.59,125.2,30,True,False,4.5
WO-00598,2025-01-11 12:17:00,2025-01-11 14:43:00,Guest Room,Electrical,Lighting outage,Corrective,Medium,Day,ENG-03,13,True,False,73,73,2.43,1.22,93.79,46.97,140.76,120,True,False,4.2
WO-00284,2025-01-11 16:40:00,2025-01-11 18:28:00,Kitchen,HVAC,Condensate leak,Preventive,Medium,Evening,ENG-07,14,False,False,43,65,1.8,1.08,89.32,41.58,130.9,120,True,False,
WO-00118,2025-01-12 09:30:00,2025-01-12 11:38:00,Meeting Space,Electrical,Breaker trip,Corrective,Medium,Day,ENG-03,2,False,False,47,81,2.13,1.35,259.31,51.98,311.29,120,True,False,
WO-00342,2025-01-12 16:30:00,2025-01-12 19:45:00,Mechanical Room,HVAC,Filter replacement,Corrective,Medium,Evening,ENG-06,16,False,False,69,126,3.25,2.1,141.11,80.85,221.96,120,True,False,
WO-00514,2025-01-12 18:20:00,2025-01-12 21:48:00,Guest Room,HVAC,Condensate leak,Corrective,Medium,Evening,ENG-05,10,False,False,87,121,3.47,2.02,101.24,77.77,179.01,120,True,False,
WO-00055,2025-01-13 10:33:00,2025-01-13 13:54:00,Laundry,Plumbing,No hot water,Corrective,Low,Day,ENG-04,9,True,False,91,110,3.35,1.83,86.11,70.45,156.56,240,True,False,4.2
WO-00693,2025-01-13 12:28:00,2025-01-13 14:40:00,Guest Room,Plumbing,Fixture leak,Corrective,High,Day,ENG-02,12,True,True,28,104,2.2,1.73,52.11,66.61,118.72,30,True,False,4.3
WO-00210,2025-01-13 13:20:00,2025-01-13 14:45:00,Meeting Space,General Maintenance,Preventive inspection,Preventive,Medium,Day,ENG-01,16,True,False,50,35,1.42,0.58,82.04,22.33,104.37,120,True,False,3.9
WO-00592,2025-01-13 15:14:00,2025-01-13 17:41:00,Kitchen,HVAC,Room not cooling,Preventive,Medium,Evening,ENG-07,5,False,False,66,81,2.45,1.35,28.3,51.98,80.28,120,True,False,
WO-01170,2025-01-13 17:39:00,2025-01-13 20:16:00,Lobby,HVAC,Condensate leak,Corrective,Medium,Evening,ENG-06,6,False,False,83,74,2.62,1.23,187.75,47.35,235.1,120,True,False,
WO-00125,2025-01-13 18:14:00,2025-01-13 21:48:00,Guest Room,General Maintenance,Preventive inspection,Corrective,Low,Evening,ENG-05,3,False,False,190,24,3.57,0.4,10.24,15.4,25.64,240,True,False,
WO-00866,2025-01-14 08:03:00,2025-01-14 10:44:00,Meeting Space,Life Safety,Alarm device fault,Preventive,Low,Day,ENG-03,7,False,False,73,88,2.68,1.47,192.32,56.59,248.91,240,True,False,
WO-00170,2025-01-14 08:54:00,2025-01-14 10:21:00,Guest Room,Electrical,Lighting outage,Corrective,High,Day,ENG-04,9,False,False,14,73,1.45,1.22,73.57,46.97,120.54,30,True,False,
WO-00614,2025-01-14 09:51:00,2025-01-14 12:45:00,Laundry,Plumbing,Low water pressure,Corrective,Medium,Day,ENG-04,2,False,False,77,97,2.9,1.62,35.18,62.37,97.55,120,True,False,
WO-01162,2025-01-14 11:45:00,2025-01-14 15:01:00,Guest Room,Life Safety,Exit sign failure,Corrective,Medium,Day,ENG-02,3,False,False,76,120,3.27,2.0,173.75,77.0,250.75,120,True,False,
WO-00719,2025-01-14 15:33:00,2025-01-14 17:54:00,Guest Room,HVAC,Fan motor failure,Corrective,High,Evening,ENG-05,9,True,True,28,113,2.35,1.88,129.92,72.38,202.3,30,True,False,5.0
WO-00196,2025-01-14 17:26:00,2025-01-14 22:02:00,Kitchen,Refrigeration,Ice buildup,Preventive,Low,Evening,ENG-06,8,False,False,163,113,4.6,1.88,220.8,72.38,293.18,240,True,False,
WO-00480,2025-01-15 11:05:00,2025-01-15 15:42:00,Guest Room,HVAC,Fan motor failure,Corrective,Medium,Day,ENG-02,4,False,False,86,191,4.62,3.18,80.61,122.43,203.04,120,True,False,
WO-01034,2025-01-15 13:55:00,2025-01-15 17:11:00,Kitchen,Refrigeration,Ice buildup,Corrective,Medium,Day,ENG-02,1,True,False,73,123,3.27,2.05,264.0,78.92,342.92,120,True,False,4.5
WO-00050,2025-01-16 04:40:00,2025-01-16 09:06:00,Guest Room,Plumbing,Fixture leak,Corrective,Low,Overnight,ENG-08,9,True,False,176,90,4.43,1.5,135.09,57.75,192.84,240,True,False,4.6
WO-00654,2025-01-16 06:09:00,2025-01-16 07:57:00,Exterior,Electrical,Preventive inspection,Preventive,Medium,Overnight,ENG-08,3,False,False,62,46,1.8,0.77,12.17,29.64,41.81,120,True,False,
WO-00873,2025-01-16 07:07:00,2025-01-16 09:30:00,Guest Room,Plumbing,Preventive inspection,Preventive,Low,Day,ENG-01,8,True,False,99,44,2.38,0.73,12.57,28.11,40.68,240,True,False,4.0
WO-00981,2025-01-16 11:47:00,2025-01-16 15:34:00,Lobby,Electrical,Preventive inspection,Preventive,Low,Day,ENG-03,5,True,False,197,30,3.78,0.5,32.18,19.25,51.43,240,True,False,3.7
WO-00765,2025-01-16 22:54:00,2025-01-17 00:42:00,Lobby,Electrical,Preventive inspection,Corrective,High,Evening,ENG-06,6,True,False,27,81,1.8,1.35,73.06,51.98,125.04,30,True,True,4.3
WO-01043,2025-01-17 01:25:00,2025-01-17 03:48:00,Lobby,Plumbing,No hot water,Corrective,Medium,Overnight,ENG-08,5,False,False,72,71,2.38,1.18,128.15,45.43,173.58,120,True,False,
WO-01055,2025-01-17 07:10:00,2025-01-17 08:01:00,Guest Room,Plumbing,Preventive inspection,Corrective,Emergency,Day,ENG-04,4,False,False,10,41,0.85,0.68,104.97,26.18,131.15,15,True,False,
WO-00600,2025-01-17 09:05:00,2025-01-17 10:35:00,Lobby,General Maintenance,Preventive inspection,Preventive,Medium,Day,ENG-01,12,False,False,50,40,1.5,0.67,9.09,25.8,34.89,120,True,False,
WO-00949,2025-01-17 15:27:00,2025-01-17 18:26:00,Guest Room,HVAC,Filter replacement,Corrective,Medium,Evening,ENG-07,11,True,False,77,102,2.98,1.7,36.81,65.45,102.26,120,True,False,4.5
WO-00806,2025-01-17 17:34:00,2025-01-17 19:36:00,Lobby,Plumbing,Preventive inspection,Corrective,High,Evening,ENG-07,4,False,False,27,95,2.03,1.58,159.76,60.83,220.59,30,True,False,
WO-00044,2025-01-17 17:38:00,2025-01-17 19:02:00,Exterior,General Maintenance,Wall or ceiling damage,Corrective,Emergency,Evening,ENG-06,12,False,False,9,75,1.4,1.25,61.34,48.12,109.46,15,True,False,
WO-00540,2025-01-17 18:21:00,2025-01-17 21:50:00,Mechanical Room,HVAC,Room not cooling,Corrective,High,Evening,ENG-07,3,True,False,28,181,3.48,3.02,164.53,116.27,280.8,30,True,False,4.1
WO-00525,2025-01-18 11:23:00,2025-01-18 13:17:00,Lobby,Plumbing,Drain blockage,Corrective,Emergency,Day,ENG-01,9,False,False,10,104,1.9,1.73,59.16,66.61,125.77,15,True,False,
WO-00086,2025-01-19 04:30:00,2025-01-19 09:12:00,Kitchen,Refrigeration,Compressor fault,Corrective,Medium,Overnight,ENG-09,12,False,False,122,160,4.7,2.67,62.27,102.8,165.07,120,False,False,
WO-00408,2025-01-19 21:49:00,2025-01-20 00:45:00,Lobby,Plumbing,Preventive inspection,Preventive,Medium,Evening,ENG-05,2,True,False,110,66,2.93,1.1,5.11,42.35,47.46,120,True,False,4.6
WO-00535,2025-01-20 01:28:00,2025-01-20 03:39:00,Guest Room,HVAC,Thermostat fault,Corrective,High,Overnight,ENG-09,11,True,True,48,83,2.18,1.38,52.29,53.13,105.42,30,False,False,3.6
WO-00152,2025-01-20 16:41:00,2025-01-20 19:26:00,Guest Room,Plumbing,Fixture leak,Corrective,Medium,Evening,ENG-07,8,True,False,44,121,2.75,2.02,105.45,77.77,183.22,120,True,False,4.0
WO-00182,2025-01-21 07:15:00,2025-01-21 10:28:00,Mechanical Room,Plumbing,Preventive inspection,Preventive,Low,Day,ENG-03,2,False,False,107,86,3.22,1.43,99.39,55.05,154.44,240,True,False,
WO-00847,2025-01-21 13:50:00,2025-01-21 15:15:00,Meeting Space,General Maintenance,Wall or ceiling damage,Corrective,Emergency,Day,ENG-03,7,False,False,10,75,1.42,1.25,66.34,48.12,114.46,15,True,False,
WO-00993,2025-01-22 10:56:00,2025-01-22 12:54:00,Kitchen,Plumbing,Drain blockage,Corrective,High,Day,ENG-02,2,False,False,20,98,1.97,1.63,107.67,62.75,170.42,30,True,False,
WO-00630,2025-01-23 19:07:00,2025-01-23 21:57:00,Guest Room,HVAC,Condensate leak,Corrective,Emergency,Evening,ENG-06,14,True,True,11,159,2.83,2.65,215.92,102.02,317.94,15,True,False,4.0
WO-00756,2025-01-23 19:13:00,2025-01-23 21:06:00,Guest Room,General Maintenance,Signage repair,Corrective,Medium,Evening,ENG-05,9,True,False,63,50,1.88,0.83,28.93,31.95,60.88,120,True,False,5.0
WO-00486,2025-01-24 04:32:00,2025-01-24 07:19:00,Kitchen,Electrical,Outlet failure,Corrective,Medium,Overnight,ENG-08,3,True,False,66,101,2.78,1.68,126.34,64.68,191.02,120,True,False,4.1
WO-00938,2025-01-25 08:57:00,2025-01-25 12:57:00,Kitchen,HVAC,Fan motor failure,Preventive,Low,Day,ENG-04,17,False,False,175,65,4.0,1.08,39.15,41.58,80.73,240,True,False,
WO-00908,2025-01-25 09:14:00,2025-01-25 12:10:00,Guest Room,Electrical,Breaker trip,Corrective,Low,Day,ENG-03,9,True,False,127,49,2.93,0.82,48.28,31.57,79.85,240,True,True,4.7
WO-00277,2025-01-25 09:31:00,2025-01-25 10:53:00,Guest Room,General Maintenance,Preventive inspection,Corrective,Medium,Day,ENG-02,13,False,False,50,32,1.37,0.53,55.9,20.41,76.31,120,True,False,
WO-00005,2025-01-25 17:52:00,2025-01-25 20:15:00,Lobby,HVAC,Fan motor failure,Preventive,Medium,Evening,ENG-06,11,False,False,64,79,2.38,1.32,97.0,50.82,147.82,120,True,False,
WO-00325,2025-01-25 18:50:00,2025-01-25 21:07:00,Kitchen,Refrigeration,Door seal failure,Corrective,High,Evening,ENG-06,13,False,False,27,110,2.28,1.83,171.37,70.45,241.82,30,True,False,
WO-00126,2025-01-26 00:42:00,2025-01-26 02:50:00,Mechanical Room,Life Safety,Exit sign failure,Corrective,Emergency,Overnight,ENG-09,9,False,False,16,112,2.13,1.87,171.92,72.0,243.92,15,False,False,
WO-00368,2025-01-26 08:03:00,2025-01-26 11:11:00,Meeting Space,Life Safety,Sprinkler inspection,Corrective,Medium,Day,ENG-02,2,False,False,61,127,3.13,2.12,184.41,81.62,266.03,120,True,False,
WO-00851,2025-01-26 10:33:00,2025-01-26 14:54:00,Lobby,HVAC,Room not cooling,Preventive,Low,Day,ENG-02,10,False,False,174,87,4.35,1.45,14.64,55.82,70.46,240,True,False,
WO-00980,2025-01-26 13:17:00,2025-01-26 16:44:00,Kitchen,Plumbing,No hot water,Corrective,Low,Day,ENG-01,5,False,False,150,57,3.45,0.95,14.54,36.57,51.11,240,True,False,
WO-00595,2025-01-26 14:35:00,2025-01-26 16:06:00,Guest Room,Plumbing,No hot water,Corrective,High,Day,ENG-02,5,True,False,8,83,1.52,1.38,62.78,53.13,115.91,30,True,False,5.0
WO-00699,2025-01-26 15:40:00,2025-01-26 19:08:00,Guest Room,HVAC,Condensate leak,Preventive,Low,Evening,ENG-06,4,True,False,122,86,3.47,1.43,57.02,55.05,112.07,240,True,False,4.6
WO-01041,2025-01-26 16:22:00,2025-01-26 20:46:00,Lobby,HVAC,Filter replacement,Preventive,Medium,Evening,ENG-06,6,False,False,161,103,4.4,1.72,82.09,66.22,148.31,120,False,False,
WO-00710,2025-01-26 18:00:00,2025-01-26 21:15:00,Lobby,Plumbing,Drain blockage,Corrective,Medium,Evening,ENG-06,9,False,False,109,86,3.25,1.43,140.89,55.05,195.94,120,True,False,
WO-00290,2025-01-27 08:07:00,2025-01-27 10:16:00,Guest Room,HVAC,Thermostat fault,Corrective,Emergency,Day,ENG-04,10,True,True,7,122,2.15,2.03,43.34,78.15,121.49,15,True,False,4.0
WO-00197,2025-01-27 09:51:00,2025-01-27 12:02:00,Guest Room,General Maintenance,Signage repair,Corrective,Medium,Day,ENG-04,16,False,False,71,60,2.18,1.0,18.61,38.5,57.11,120,True,False,
WO-00515,2025-01-27 13:54:00,2025-01-27 16:12:00,Lobby,Plumbing,Drain blockage,Corrective,Emergency,Day,ENG-02,9,False,False,16,122,2.3,2.03,10.37,78.15,88.52,15,False,False,
WO-01102,2025-01-27 17:06:00,2025-01-27 20:56:00,Kitchen,Refrigeration,Coil cleaning,Corrective,Low,Evening,ENG-07,7,False,False,158,72,3.83,1.2,328.68,46.2,374.88,240,True,True,
WO-01146,2025-01-28 15:33:00,2025-01-28 17:41:00,Guest Room,HVAC,Thermostat fault,Preventive,Medium,Evening,ENG-07,4,True,False,60,68,2.13,1.13,20.6,43.5,64.1,120,True,False,4.0
WO-00506,2025-01-29 00:53:00,2025-01-29 04:28:00,Guest Room,Electrical,Preventive inspection,Preventive,Medium,Overnight,ENG-08,13,True,False,151,64,3.58,1.07,22.55,41.2,63.75,120,False,False,3.0
WO-01181,2025-01-30 06:15:00,2025-01-30 07:51:00,Guest Room,General Maintenance,Signage repair,Corrective,High,Overnight,ENG-09,16,False,False,30,66,1.6,1.1,94.27,42.35,136.62,30,True,True,
WO-00728,2025-01-31 00:49:00,2025-01-31 05:11:00,Guest Room,HVAC,Condensate leak,Preventive,Low,Overnight,ENG-08,11,True,False,203,59,4.37,0.98,98.21,37.73,135.94,240,True,False,3.9
WO-00344,2025-01-31 12:22:00,2025-01-31 15:18:00,Guest Room,Life Safety,Panel communication fault,Corrective,High,Day,ENG-02,12,True,True,21,155,2.93,2.58,427.81,99.33,527.14,30,True,True,4.5
WO-00371,2025-01-31 18:06:00,2025-01-31 21:25:00,Lobby,Electrical,Breaker trip,Corrective,Medium,Evening,ENG-07,11,False,False,116,83,3.32,1.38,103.06,53.13,156.19,120,True,False,
WO-00127,2025-02-01 01:24:00,2025-02-01 02:34:00,Guest Room,HVAC,Filter replacement,Corrective,High,Overnight,ENG-08,11,True,False,15,55,1.17,0.92,26.94,35.42,62.36,30,True,False,4.1
WO-00500,2025-02-01 20:42:00,2025-02-02 00:26:00,Exterior,Electrical,Breaker trip,Corrective,Low,Evening,ENG-07,6,False,False,155,69,3.73,1.15,77.88,44.27,122.15,240,True,False,
WO-00539,2025-02-02 15:11:00,2025-02-02 19:08:00,Kitchen,Refrigeration,Compressor fault,Corrective,Medium,Evening,ENG-06,10,False,False,92,145,3.95,2.42,108.47,93.17,201.64,120,True,False,
WO-01130,2025-02-02 22:50:00,2025-02-03 00:37:00,Meeting Space,General Maintenance,Door hardware,Corrective,Medium,Evening,ENG-06,16,False,False,54,53,1.78,0.88,33.33,33.88,67.21,120,True,True,
WO-00986,2025-02-03 08:59:00,2025-02-03 12:45:00,Mechanical Room,Plumbing,Preventive inspection,Preventive,Low,Day,ENG-01,12,False,False,164,62,3.77,1.03,30.01,39.66,69.67,240,True,False,
WO-00198,2025-02-03 17:04:00,2025-02-03 20:20:00,Guest Room,Plumbing,Preventive inspection,Preventive,Low,Evening,ENG-06,3,True,False,144,52,3.27,0.87,12.0,33.49,45.49,240,True,False,3.7
WO-00909,2025-02-04 09:48:00,2025-02-04 10:40:00,Lobby,General Maintenance,Signage repair,Corrective,High,Day,ENG-02,7,False,False,18,34,0.87,0.57,5.45,21.94,27.39,30,True,False,
WO-00967,2025-02-04 18:00:00,2025-02-04 19:22:00,Guest Room,Plumbing,Preventive inspection,Corrective,Medium,Evening,ENG-05,7,True,False,33,49,1.37,0.82,59.33,31.57,90.9,120,True,False,4.7
WO-00002,2025-02-04 21:04:00,2025-02-05 00:00:00,Guest Room,Electrical,Breaker trip,Corrective,Medium,Evening,ENG-07,9,True,False,70,106,2.93,1.77,75.39,68.14,143.53,120,True,False,4.5
WO-00398,2025-02-05 15:28:00,2025-02-05 18:16:00,Guest Room,Plumbing,Preventive inspection,Preventive,Low,Evening,ENG-06,5,True,False,94,74,2.8,1.23,53.33,47.35,100.68,240,True,False,4.4
WO-00503,2025-02-05 16:29:00,2025-02-05 19:35:00,Guest Room,HVAC,Condensate leak,Corrective,Medium,Evening,ENG-05,7,True,False,68,118,3.1,1.97,118.05,75.84,193.89,120,True,False,4.1
WO-00409,2025-02-05 22:10:00,2025-02-06 00:22:00,Mechanical Room,HVAC,Room not cooling,Corrective,Medium,Evening,ENG-07,6,False,False,58,74,2.2,1.23,23.27,47.35,70.62,120,True,False,
WO-00758,2025-02-06 00:01:00,2025-02-06 01:29:00,Kitchen,General Maintenance,Preventive inspection,Preventive,Medium,Overnight,ENG-09,8,True,False,56,32,1.47,0.53,9.58,20.41,29.99,120,True,False,4.4
WO-01187,2025-02-06 11:41:00,2025-02-06 13:49:00,Laundry,Plumbing,Preventive inspection,Preventive,Low,Day,ENG-03,9,True,False,82,46,2.13,0.77,16.96,29.64,46.6,240,True,True,4.1
WO-00658,2025-02-06 17:39:00,2025-02-06 21:28:00,Meeting Space,General Maintenance,Preventive inspection,Corrective,Medium,Evening,ENG-05,4,False,False,148,81,3.82,1.35,20.33,51.98,72.31,120,False,True,
WO-00122,2025-02-06 20:04:00,2025-02-06 22:50:00,Guest Room,Plumbing,Drain blockage,Corrective,Medium,Evening,ENG-05,7,True,False,69,97,2.77,1.62,75.18,62.37,137.55,120,True,False,4.3
WO-00146,2025-02-07 01:43:00,2025-02-07 05:33:00,Guest Room,Plumbing,Preventive inspection,Preventive,Low,Overnight,ENG-09,7,False,False,193,37,3.83,0.62,40.87,23.87,64.74,240,True,False,
WO-00746,2025-02-08 10:37:00,2025-02-08 12:13:00,Guest Room,Life Safety,Emergency light failure,Preventive,Medium,Day,ENG-01,5,True,False,45,51,1.6,0.85,27.24,32.73,59.97,120,True,False,4.6
WO-01163,2025-02-08 11:59:00,2025-02-08 16:30:00,Guest Room,Electrical,Preventive inspection,Preventive,Low,Day,ENG-04,7,True,False,157,114,4.52,1.9,61.24,73.15,134.39,240,True,False,4.4
WO-01199,2025-02-08 16:49:00,2025-02-08 19:29:00,Lobby,Plumbing,Fixture leak,Corrective,High,Evening,ENG-07,1,False,False,23,137,2.67,2.28,61.55,87.78,149.33,30,True,True,
WO-00046,2025-02-08 19:09:00,2025-02-08 22:31:00,Lobby,Plumbing,Drain blockage,Corrective,Medium,Evening,ENG-06,9,False,False,64,138,3.37,2.3,118.34,88.55,206.89,120,True,False,
WO-00843,2025-02-09 02:56:00,2025-02-09 04:44:00,Kitchen,Electrical,Lighting outage,Corrective,Emergency,Overnight,ENG-08,1,False,False,30,78,1.8,1.3,189.77,50.05,239.82,15,False,False,
WO-00396,2025-02-09 07:56:00,2025-02-09 10:34:00,Lobby,HVAC,Thermostat fault,Corrective,High,Day,ENG-04,3,False,False,40,118,2.63,1.97,77.95,75.84,153.79,30,False,True,
WO-00134,2025-02-09 11:57:00,2025-02-09 13:43:00,Guest Room,Electrical,Control panel fault,Corrective,High,Day,ENG-04,3,True,True,14,92,1.77,1.53,72.94,58.91,131.85,30,True,False,4.5
WO-00603,2025-02-09 19:30:00,2025-02-09 23:28:00,Guest Room,HVAC,Filter replacement,Preventive,Low,Evening,ENG-06,6,False,False,186,52,3.97,0.87,110.87,33.49,144.36,240,True,False,
WO-00049,2025-02-10 03:41:00,2025-02-10 06:46:00,Guest Room,HVAC,Condensate leak,Corrective,Low,Overnight,ENG-09,5,True,False,88,97,3.08,1.62,188.72,62.37,251.09,240,True,False,4.5
WO-00482,2025-02-10 11:49:00,2025-02-10 14:14:00,Mechanical Room,HVAC,Thermostat fault,Corrective,Medium,Day,ENG-01,5,True,False,41,104,2.42,1.73,5.45,66.61,72.06,120,True,False,4.6
WO-00485,2025-02-10 16:06:00,2025-02-10 18:48:00,Guest Room,HVAC,Condensate leak,Corrective,Medium,Evening,ENG-07,5,False,False,83,79,2.7,1.32,94.41,50.82,145.23,120,True,True,
WO-01088,2025-02-11 09:07:00,2025-02-11 12:06:00,Mechanical Room,HVAC,Filter replacement,Corrective,Medium,Day,ENG-02,8,False,False,61,118,2.98,1.97,243.8,75.84,319.64,120,True,True,
WO-00675,2025-02-11 14:42:00,2025-02-11 16:20:00,Guest Room,General Maintenance,Furniture repair,Corrective,Medium,Day,ENG-03,3,True,False,38,60,1.63,1.0,72.31,38.5,110.81,120,True,False,4.2
WO-00048,2025-02-11 19:53:00,2025-02-11 23:08:00,Guest Room,HVAC,Thermostat fault,Corrective,Medium,Evening,ENG-05,7,True,False,49,146,3.25,2.43,69.17,93.56,162.73,120,True,True,4.8
WO-00823,2025-02-11 20:44:00,2025-02-11 22:54:00,Kitchen,Electrical,Preventive inspection,Preventive,Medium,Evening,ENG-05,5,False,False,78,52,2.17,0.87,39.01,33.49,72.5,120,True,False,
WO-00163,2025-02-11 21:26:00,2025-02-12 02:52:00,Guest Room,HVAC,Condensate leak,Corrective,Low,Evening,ENG-07,11,False,False,247,79,5.43,1.32,132.87,50.82,183.69,240,False,False,
WO-00797,2025-02-12 09:31:00,2025-02-12 11:33:00,Guest Room,Electrical,Control panel fault,Corrective,Medium,Day,ENG-03,5,False,False,59,63,2.03,1.05,156.5,40.43,196.93,120,True,False,
WO-00070,2025-02-12 12:47:00,2025-02-12 14:59:00,Meeting Space,HVAC,Condensate leak,Corrective,Medium,Day,ENG-04,9,False,False,42,90,2.2,1.5,154.56,57.75,212.31,120,True,False,
WO-01076,2025-02-12 20:35:00,2025-02-12 21:53:00,Meeting Space,General Maintenance,Door hardware,Corrective,High,Evening,ENG-06,3,False,False,31,47,1.3,0.78,53.64,30.03,83.67,30,False,False,
WO-01198,2025-02-12 22:41:00,2025-02-13 02:04:00,Guest Room,Electrical,Preventive inspection,Preventive,Low,Evening,ENG-06,1,False,False,156,47,3.38,0.78,111.9,30.03,141.93,240,True,False,
WO-00818,2025-02-13 01:28:00,2025-02-13 05:18:00,Meeting Space,HVAC,Thermostat fault,Corrective,Medium,Overnight,ENG-08,1,False,False,109,121,3.83,2.02,292.66,77.77,370.43,120,True,False,
WO-00440,2025-02-13 07:35:00,2025-02-13 09:34:00,Guest Room,Electrical,Outlet failure,Corrective,Medium,Day,ENG-03,6,True,False,42,77,1.98,1.28,223.23,49.28,272.51,120,True,False,4.8
WO-00979,2025-02-13 08:56:00,2025-02-13 10:51:00,Guest Room,Plumbing,Preventive inspection,Preventive,Medium,Day,ENG-01,7,False,False,44,71,1.92,1.18,1.41,45.43,46.84,120,True,False,
WO-00587,2025-02-13 10:25:00,2025-02-13 12:56:00,Guest Room,Electrical,Control panel fault,Corrective,Medium,Day,ENG-03,2,True,False,72,79,2.52,1.32,57.77,50.82,108.59,120,True,False,4.8
WO-00951,2025-02-13 11:09:00,2025-02-13 13:13:00,Exterior,Life Safety,Exit sign failure,Corrective,Medium,Day,ENG-03,3,True,False,49,75,2.07,1.25,32.89,48.12,81.01,120,True,False,4.7
WO-01026,2025-02-13 13:59:00,2025-02-13 16:34:00,Guest Room,Electrical,Lighting outage,Corrective,Medium,Day,ENG-04,4,True,False,76,79,2.58,1.32,33.13,50.82,83.95,120,True,False,5.0
WO-00446,2025-02-13 15:28:00,2025-02-13 18:48:00,Guest Room,HVAC,Room not cooling,Preventive,Low,Evening,ENG-07,7,False,False,155,45,3.33,0.75,9.28,28.88,38.16,240,True,False,
WO-00890,2025-02-13 15:43:00,2025-02-13 19:13:00,Meeting Space,Electrical,Preventive inspection,Corrective,Low,Evening,ENG-06,11,False,False,128,82,3.5,1.37,109.46,52.75,162.21,240,True,False,
WO-00297,2025-02-14 07:03:00,2025-02-14 11:03:00,Lobby,HVAC,Room not cooling,Preventive,Low,Day,ENG-01,10,False,False,160,80,4.0,1.33,153.43,51.21,204.64,240,True,False,
WO-00609,2025-02-14 18:55:00,2025-02-14 23:33:00,Mechanical Room,Life Safety,Panel communication fault,Corrective,Medium,Evening,ENG-07,10,False,False,94,184,4.63,3.07,101.55,118.19,219.74,120,True,False,
WO-01018,2025-02-14 19:58:00,2025-02-15 01:02:00,Lobby,Life Safety,Sprinkler inspection,Preventive,Low,Evening,ENG-06,6,False,False,232,72,5.07,1.2,25.09,46.2,71.29,240,True,False,
WO-00419,2025-02-15 09:47:00,2025-02-15 14:17:00,Guest Room,Plumbing,Preventive inspection,Preventive,Low,Day,ENG-01,11,False,False,187,83,4.5,1.38,72.13,53.13,125.26,240,True,False,
WO-00670,2025-02-15 10:38:00,2025-02-15 14:16:00,Kitchen,Refrigeration,Coil cleaning,Corrective,Medium,Day,ENG-03,8,False,False,50,168,3.63,2.8,113.35,107.8,221.15,120,True,False,
WO-00354,2025-02-15 18:02:00,2025-02-15 20:34:00,Kitchen,Refrigeration,Ice buildup,Corrective,High,Evening,ENG-05,10,False,False,25,127,2.53,2.12,256.76,81.62,338.38,30,True,True,
WO-00403,2025-02-15 18:23:00,2025-02-15 21:55:00,Lobby,HVAC,Fan motor failure,Corrective,Low,Evening,ENG-07,12,False,False,141,71,3.53,1.18,223.71,45.43,269.14,240,True,False,
WO-00192,2025-02-16 10:29:00,2025-02-16 12:43:00,Lobby,Life Safety,Sprinkler inspection,Corrective,Emergency,Day,ENG-04,4,False,False,11,123,2.23,2.05,16.0,78.92,94.92,15,True,False,
WO-00655,2025-02-17 19:15:00,2025-02-17 21:33:00,Guest Room,Plumbing,Preventive inspection,Corrective,Medium,Evening,ENG-05,9,True,False,69,69,2.3,1.15,86.39,44.27,130.66,120,True,False,3.8
WO-00590,2025-02-18 01:46:00,2025-02-18 03:43:00,Guest Room,HVAC,Filter replacement,Corrective,Medium,Overnight,ENG-09,1,False,False,74,43,1.95,0.72,20.94,27.72,48.66,120,True,False,
WO-01158,2025-02-18 06:10:00,2025-02-18 10:08:00,Guest Room,HVAC,Room not cooling,Corrective,Medium,Overnight,ENG-08,10,False,False,86,152,3.97,2.53,100.82,97.4,198.22,120,True,False,
WO-01007,2025-02-18 12:48:00,2025-02-18 14:03:00,Guest Room,General Maintenance,Door hardware,Corrective,High,Day,ENG-02,5,False,False,27,48,1.25,0.8,6.3,30.8,37.1,30,True,False,
WO-00236,2025-02-18 13:29:00,2025-02-18 15:54:00,Guest Room,Plumbing,Drain blockage,Corrective,Medium,Day,ENG-03,11,True,False,59,86,2.42,1.43,73.77,55.05,128.82,120,True,False,4.9
WO-01035,2025-02-18 16:18:00,2025-02-18 18:12:00,Guest Room,Electrical,Control panel fault,Corrective,High,Evening,ENG-05,8,True,True,18,96,1.9,1.6,60.36,61.6,121.96,30,True,False,4.2
WO-00994,2025-02-18 16:58:00,2025-02-18 20:41:00,Meeting Space,HVAC,Room not cooling,Corrective,Medium,Evening,ENG-05,6,False,False,84,139,3.72,2.32,291.35,89.32,380.67,120,True,False,
WO-00420,2025-02-18 18:01:00,2025-02-18 23:10:00,Guest Room,Plumbing,Preventive inspection,Preventive,Low,Evening,ENG-05,5,True,False,222,87,5.15,1.45,11.25,55.82,67.07,240,True,False,4.4
WO-00536,2025-02-18 18:39:00,2025-02-18 21:44:00,Guest Room,HVAC,Filter replacement,Corrective,Medium,Evening,ENG-07,5,True,False,98,87,3.08,1.45,231.53,55.82,287.35,120,True,False,4.0
WO-01008,2025-02-19 00:40:00,2025-02-19 02:04:00,Exterior,General Maintenance,Preventive inspection,Preventive,Medium,Overnight,ENG-09,8,True,False,56,28,1.4,0.47,13.29,18.09,31.38,120,True,False,4.3
WO-00799,2025-02-19 09:42:00,2025-02-19 12:04:00,Guest Room,HVAC,Room not cooling,Corrective,Medium,Day,ENG-01,11,False,False,66,76,2.37,1.27,77.76,48.9,126.66,120,True,False,
WO-01059,2025-02-19 10:17:00,2025-02-19 12:51:00,Guest Room,Electrical,Lighting outage,Corrective,High,Day,ENG-03,10,True,True,24,130,2.57,2.17,61.46,83.55,145.01,30,True,False,4.6
WO-00774,2025-02-19 12:06:00,2025-02-19 13:15:00,Meeting Space,General Maintenance,Wall or ceiling damage,Corrective,Emergency,Day,ENG-04,7,False,False,16,53,1.15,0.88,32.85,33.88,66.73,15,False,True,
WO-00448,2025-02-19 14:39:00,2025-02-19 18:23:00,Exterior,Electrical,Preventive inspection,Corrective,Low,Day,ENG-04,5,False,False,141,83,3.73,1.38,29.66,53.13,82.79,240,True,False,
WO-00876,2025-02-19 15:25:00,2025-02-19 17:30:00,Guest Room,Plumbing,Drain blockage,Corrective,High,Evening,ENG-05,10,True,True,22,103,2.08,1.72,90.33,66.22,156.55,30,True,True,4.2
WO-00811,2025-02-19 18:05:00,2025-02-19 20:39:00,Guest Room,Electrical,Preventive inspection,Preventive,Medium,Evening,ENG-07,7,True,False,74,80,2.57,1.33,73.87,51.21,125.08,120,True,False,4.8
WO-00460,2025-02-19 18:26:00,2025-02-19 20:25:00,Lobby,General Maintenance,Signage repair,Corrective,Medium,Evening,ENG-07,1,False,False,59,60,1.98,1.0,78.16,38.5,116.66,120,True,False,
WO-01135,2025-02-20 07:14:00,2025-02-20 09:44:00,Lobby,Plumbing,No hot water,Corrective,Medium,Day,ENG-04,1,False,False,98,52,2.5,0.87,73.33,33.49,106.82,120,True,False,
WO-00384,2025-02-20 08:57:00,2025-02-20 10:47:00,Meeting Space,General Maintenance,Signage repair,Corrective,Medium,Day,ENG-04,3,False,False,34,76,1.83,1.27,123.19,48.9,172.09,120,True,False,
WO-00741,2025-02-20 16:10:00,2025-02-20 20:56:00,Meeting Space,HVAC,Room not cooling,Preventive,Medium,Evening,ENG-07,3,False,False,158,128,4.77,2.13,45.57,82.0,127.57,120,False,False,
WO-00337,2025-02-21 20:08:00,2025-02-21 22:26:00,Guest Room,Plumbing,Drain blockage,Corrective,High,Evening,ENG-07,8,True,False,24,114,2.3,1.9,42.29,73.15,115.44,30,True,False,5.0
WO-00722,2025-02-21 21:10:00,2025-02-22 02:38:00,Lobby,General Maintenance,Preventive inspection,Preventive,Low,Evening,ENG-06,6,False,False,307,21,5.47,0.35,49.55,13.47,63.02,240,False,False,
WO-00489,2025-02-22 11:43:00,2025-02-22 14:14:00,Meeting Space,HVAC,Filter replacement,Corrective,High,Day,ENG-02,8,False,False,23,128,2.52,2.13,156.36,82.0,238.36,30,True,False,
WO-00100,2025-02-22 14:16:00,2025-02-22 17:21:00,Guest Room,Electrical,Breaker trip,Corrective,Medium,Day,ENG-04,10,True,False,62,123,3.08,2.05,104.61,78.92,183.53,120,True,False,4.2
WO-01071,2025-02-22 17:48:00,2025-02-22 21:40:00,Kitchen,HVAC,Condensate leak,Corrective,High,Evening,ENG-07,7,False,False,28,204,3.87,3.4,357.36,130.9,488.26,30,True,False,
WO-00757,2025-02-22 20:00:00,2025-02-22 23:53:00,Kitchen,Refrigeration,Temperature above range,Preventive,Low,Evening,ENG-05,5,False,False,144,89,3.88,1.48,3.16,56.98,60.14,240,True,False,
WO-00569,2025-02-23 04:25:00,2025-02-23 08:36:00,Guest Room,Plumbing,Preventive inspection,Preventive,Low,Overnight,ENG-09,8,False,False,211,40,4.18,0.67,10.87,25.8,36.67,240,True,False,
WO-00827,2025-02-23 08:13:00,2025-02-23 09:48:00,Lobby,Electrical,Outlet failure,Corrective,Medium,Day,ENG-01,1,False,False,50,45,1.58,0.75,72.41,28.88,101.29,120,True,False,
WO-00828,2025-02-23 10:16:00,2025-02-23 13:39:00,Guest Room,HVAC,Room not cooling,Corrective,Medium,Day,ENG-04,12,True,False,66,137,3.38,2.28,45.11,87.78,132.89,120,True,False,4.5
WO-00669,2025-02-23 18:38:00,2025-02-23 21:04:00,Lobby,HVAC,Room not cooling,Preventive,Medium,Evening,ENG-05,5,False,False,97,49,2.43,0.82,70.75,31.57,102.32,120,True,False,
WO-00517,2025-02-24 10:30:00,2025-02-24 12:54:00,Guest Room,HVAC,Filter replacement,Corrective,Emergency,Day,ENG-03,7,True,False,6,138,2.4,2.3,92.04,88.55,180.59,15,True,False,4.4
WO-00518,2025-02-24 11:03:00,2025-02-24 14:10:00,Laundry,Plumbing,Preventive inspection,Corrective,Low,Day,ENG-04,6,False,False,120,67,3.12,1.12,19.35,43.12,62.47,240,True,False,
WO-00543,2025-02-24 17:17:00,2025-02-24 19:29:00,Lobby,Electrical,Control panel fault,Corrective,Medium,Evening,ENG-06,4,False,False,55,77,2.2,1.28,49.19,49.28,98.47,120,True,False,
WO-00839,2025-02-25 09:27:00,2025-02-25 12:30:00,Guest Room,Plumbing,Drain blockage,Corrective,Medium,Day,ENG-04,1,True,False,56,127,3.05,2.12,73.07,81.62,154.69,120,True,False,4.4
WO-00397,2025-02-25 12:59:00,2025-02-25 16:36:00,Guest Room,HVAC,Condensate leak,Corrective,Emergency,Day,ENG-01,13,True,True,6,211,3.62,3.52,202.34,135.52,337.86,15,True,False,4.3
WO-00216,2025-02-25 18:56:00,2025-02-25 21:14:00,Kitchen,Refrigeration,Coil cleaning,Preventive,Medium,Evening,ENG-05,3,True,False,45,93,2.3,1.55,154.11,59.68,213.79,120,True,False,4.2
WO-00646,2025-02-26 00:18:00,2025-02-26 05:59:00,Kitchen,Refrigeration,Coil cleaning,Corrective,Medium,Overnight,ENG-09,3,False,False,160,181,5.68,3.02,131.02,116.27,247.29,120,False,True,
WO-01040,2025-02-26 14:14:00,2025-02-26 16:11:00,Guest Room,HVAC,Thermostat fault,Corrective,High,Day,ENG-01,6,True,True,28,89,1.95,1.48,242.44,56.98,299.42,30,True,False,4.1
WO-00555,2025-02-26 16:17:00,2025-02-26 19:12:00,Guest Room,HVAC,Thermostat fault,Corrective,High,Evening,ENG-07,7,False,False,40,135,2.92,2.25,182.13,86.62,268.75,30,False,False,
WO-00697,2025-02-26 20:04:00,2025-02-26 23:35:00,Meeting Space,HVAC,Condensate leak,Corrective,Medium,Evening,ENG-06,15,True,False,93,118,3.52,1.97,140.48,75.84,216.32,120,True,False,4.3
WO-00376,2025-02-27 00:03:00,2025-02-27 03:34:00,Meeting Space,Life Safety,Sprinkler inspection,Corrective,Medium,Overnight,ENG-09,2,False,False,67,144,3.52,2.4,355.84,92.4,448.24,120,True,False,
WO-00769,2025-02-27 01:35:00,2025-02-27 03:10:00,Guest Room,Electrical,Outlet failure,Corrective,Medium,Overnight,ENG-08,10,True,False,35,60,1.58,1.0,23.66,38.5,62.16,120,True,False,5.0
WO-00434,2025-02-27 10:53:00,2025-02-27 13:55:00,Guest Room,Plumbing,Preventive inspection,Corrective,Medium,Day,ENG-02,15,True,False,55,127,3.03,2.12,227.91,81.62,309.53,120,True,True,4.4
WO-00953,2025-02-28 09:03:00,2025-02-28 12:23:00,Exterior,Electrical,Breaker trip,Corrective,Medium,Day,ENG-03,14,False,False,76,124,3.33,2.07,55.53,79.69,135.22,120,True,False,
WO-00649,2025-02-28 18:45:00,2025-02-28 20:29:00,Mechanical Room,Plumbing,Low water pressure,Corrective,High,Evening,ENG-07,9,False,False,19,85,1.73,1.42,39.62,54.67,94.29,30,True,False,
WO-00457,2025-02-28 22:56:00,2025-03-01 02:41:00,Guest Room,HVAC,Fan motor failure,Corrective,Medium,Evening,ENG-07,4,True,False,98,127,3.75,2.12,75.22,81.62,156.84,120,True,False,4.4
WO-01057,2025-02-28 23:06:00,2025-03-01 02:42:00,Guest Room,Plumbing,No hot water,Corrective,Medium,Overnight,ENG-08,15,True,False,92,124,3.6,2.07,200.63,79.69,280.32,120,True,True,5.0
WO-00933,2025-03-01 02:58:00,2025-03-01 05:51:00,Guest Room,HVAC,Condensate leak,Preventive,Medium,Overnight,ENG-08,20,True,False,71,102,2.88,1.7,69.21,65.45,134.66,120,True,False,5.0
WO-00300,2025-03-01 14:47:00,2025-03-01 17:13:00,Lobby,Plumbing,Preventive inspection,Preventive,Medium,Day,ENG-01,4,False,False,58,88,2.43,1.47,20.84,56.59,77.43,120,True,False,
WO-00790,2025-03-01 17:39:00,2025-03-01 19:41:00,Guest Room,Plumbing,Preventive inspection,Corrective,High,Evening,ENG-06,8,True,True,20,102,2.03,1.7,74.5,65.45,139.95,30,True,False,4.5
WO-01020,2025-03-03 10:19:00,2025-03-03 12:12:00,Guest Room,HVAC,Filter replacement,Corrective,Emergency,Day,ENG-01,5,True,False,9,104,1.88,1.73,18.5,66.61,85.11,15,True,False,4.5
WO-00729,2025-03-03 13:28:00,2025-03-03 16:10:00,Guest Room,Plumbing,No hot water,Corrective,Medium,Day,ENG-03,11,False,False,33,129,2.7,2.15,396.3,82.77,479.07,120,True,False,
WO-00634,2025-03-03 20:24:00,2025-03-03 23:05:00,Lobby,General Maintenance,Door hardware,Corrective,Medium,Evening,ENG-05,6,False,False,110,51,2.68,0.85,26.82,32.73,59.55,120,True,False,
WO-00740,2025-03-03 20:30:00,2025-03-03 22:35:00,Mechanical Room,Plumbing,Low water pressure,Corrective,Medium,Evening,ENG-07,5,True,False,43,82,2.08,1.37,319.4,52.75,372.15,120,True,False,4.7
WO-01136,2025-03-04 00:28:00,2025-03-04 02:54:00,Guest Room,HVAC,Condensate leak,Corrective,Medium,Overnight,ENG-09,1,True,False,80,66,2.43,1.1,16.04,42.35,58.39,120,True,False,5.0
WO-01014,2025-03-04 05:30:00,2025-03-04 09:12:00,Guest Room,Life Safety,Exit sign failure,Preventive,Low,Overnight,ENG-08,6,True,False,165,57,3.7,0.95,143.35,36.57,179.92,240,True,False,3.6
WO-00478,2025-03-04 09:22:00,2025-03-04 11:40:00,Mechanical Room,Refrigeration,Ice buildup,Corrective,High,Day,ENG-02,2,True,False,11,127,2.3,2.12,205.81,81.62,287.43,30,True,False,4.0
WO-00111,2025-03-04 16:22:00,2025-03-04 18:09:00,Lobby,General Maintenance,Door hardware,Corrective,Medium,Evening,ENG-05,1,True,False,66,41,1.78,0.68,38.59,26.18,64.77,120,True,False,4.9
WO-01005,2025-03-05 08:54:00,2025-03-05 10:27:00,Meeting Space,General Maintenance,Preventive inspection,Preventive,Medium,Day,ENG-03,5,False,False,70,23,1.55,0.38,0.68,14.63,15.31,120,True,False,
WO-00841,2025-03-05 15:31:00,2025-03-05 17:39:00,Lobby,General Maintenance,Preventive inspection,Corrective,Medium,Evening,ENG-07,18,False,False,65,63,2.13,1.05,44.53,40.43,84.96,120,True,False,
WO-00637,2025-03-05 16:06:00,2025-03-05 18:17:00,Mechanical Room,Refrigeration,Compressor fault,Corrective,Medium,Evening,ENG-05,2,True,False,33,98,2.18,1.63,115.08,62.75,177.83,120,True,False,5.0
WO-00261,2025-03-06 09:19:00,2025-03-06 10:22:00,Meeting Space,General Maintenance,Signage repair,Corrective,Emergency,Day,ENG-03,8,False,False,8,55,1.05,0.92,37.88,35.42,73.3,15,True,False,
WO-00131,2025-03-06 12:40:00,2025-03-06 14:58:00,Guest Room,Plumbing,Preventive inspection,Corrective,Medium,Day,ENG-01,7,False,False,44,94,2.3,1.57,72.17,60.45,132.62,120,True,False,
WO-00886,2025-03-06 13:21:00,2025-03-06 14:32:00,Guest Room,General Maintenance,Preventive inspection,Corrective,High,Day,ENG-03,6,True,False,23,48,1.18,0.8,34.25,30.8,65.05,30,True,False,4.6
WO-00763,2025-03-06 21:26:00,2025-03-07 00:09:00,Kitchen,Refrigeration,Coil cleaning,Corrective,Low,Evening,ENG-05,3,True,False,78,85,2.72,1.42,280.26,54.67,334.93,240,True,False,4.6
WO-00292,2025-03-07 13:35:00,2025-03-07 15:01:00,Guest Room,Electrical,Outlet failure,Corrective,High,Day,ENG-02,3,False,False,22,64,1.43,1.07,159.46,41.2,200.66,30,True,False,
WO-01185,2025-03-08 09:41:00,2025-03-08 11:33:00,Guest Room,General Maintenance,Preventive inspection,Corrective,Medium,Day,ENG-04,7,True,False,66,46,1.87,0.77,30.87,29.64,60.51,120,True,False,4.5
WO-00557,2025-03-08 18:29:00,2025-03-08 21:26:00,Mechanical Room,HVAC,Room not cooling,Corrective,Emergency,Evening,ENG-06,7,False,False,10,167,2.95,2.78,42.5,107.03,149.53,15,True,True,
WO-00215,2025-03-09 06:51:00,2025-03-09 08:42:00,Guest Room,Electrical,Preventive inspection,Preventive,High,Overnight,ENG-09,1,True,False,23,88,1.85,1.47,25.79,56.59,82.38,30,True,False,4.1
WO-01069,2025-03-09 10:49:00,2025-03-09 13:24:00,Kitchen,Refrigeration,Compressor fault,Corrective,High,Day,ENG-02,6,False,False,16,139,2.58,2.32,37.61,89.32,126.93,30,True,False,
WO-00162,2025-03-09 12:59:00,2025-03-09 14:44:00,Exterior,General Maintenance,Wall or ceiling damage,Corrective,Medium,Day,ENG-04,1,False,False,55,50,1.75,0.83,124.11,31.95,156.06,120,True,False,
WO-01179,2025-03-09 16:35:00,2025-03-09 19:00:00,Lobby,Life Safety,Sprinkler inspection,Corrective,Medium,Evening,ENG-06,1,False,False,71,74,2.42,1.23,85.46,47.35,132.81,120,True,False,
WO-01138,2025-03-09 17:57:00,2025-03-09 22:08:00,Kitchen,Refrigeration,Door seal failure,Corrective,Low,Evening,ENG-05,1,False,False,103,148,4.18,2.47,65.79,95.1,160.89,240,True,False,
WO-00075,2025-03-09 18:26:00,2025-03-09 21:19:00,Mechanical Room,HVAC,Fan motor failure,Corrective,High,Evening,ENG-06,7,False,False,22,151,2.88,2.52,71.53,97.02,168.55,30,True,True,
WO-00501,2025-03-10 01:31:00,2025-03-10 03:42:00,Mechanical Room,HVAC,Condensate leak,Corrective,Emergency,Overnight,ENG-08,12,False,False,19,112,2.18,1.87,319.13,72.0,391.13,15,False,False,
WO-00663,2025-03-10 19:49:00,2025-03-10 21:04:00,Guest Room,General Maintenance,Preventive inspection,Corrective,High,Evening,ENG-07,11,True,False,29,46,1.25,0.77,118.97,29.64,148.61,30,True,False,5.0
WO-00902,2025-03-10 21:10:00,2025-03-10 23:06:00,Exterior,Electrical,Preventive inspection,Corrective,High,Evening,ENG-05,7,False,False,27,89,1.93,1.48,241.47,56.98,298.45,30,True,False,
WO-00310,2025-03-11 00:05:00,2025-03-11 02:27:00,Mechanical Room,HVAC,Thermostat fault,Corrective,High,Overnight,ENG-09,7,False,False,28,114,2.37,1.9,105.78,73.15,178.93,30,True,False,
WO-00447,2025-03-11 16:11:00,2025-03-11 18:57:00,Guest Room,HVAC,Room not cooling,Corrective,Emergency,Evening,ENG-05,11,True,True,12,154,2.77,2.57,79.62,98.94,178.56,15,True,False,3.8
WO-00789,2025-03-11 19:22:00,2025-03-11 22:06:00,Meeting Space,Electrical,Preventive inspection,Preventive,Low,Evening,ENG-05,7,False,False,126,38,2.73,0.63,10.19,24.25,34.44,240,True,False,
WO-00115,2025-03-11 20:50:00,2025-03-11 23:05:00,Guest Room,Plumbing,Preventive inspection,Corrective,High,Evening,ENG-06,3,True,True,13,122,2.25,2.03,227.21,78.15,305.36,30,True,False,4.3
WO-00003,2025-03-11 23:31:00,2025-03-12 02:16:00,Guest Room,Plumbing,Fixture leak,Corrective,Medium,Overnight,ENG-09,9,True,False,87,78,2.75,1.3,117.45,50.05,167.5,120,True,False,4.9
WO-00200,2025-03-12 00:24:00,2025-03-12 03:29:00,Laundry,Plumbing,Preventive inspection,Corrective,High,Overnight,ENG-09,3,True,False,27,158,3.08,2.63,40.69,101.25,141.94,30,True,False,4.1
WO-01133,2025-03-12 08:09:00,2025-03-12 09:19:00,Guest Room,HVAC,Room not cooling,Corrective,Emergency,Day,ENG-02,6,True,True,7,63,1.17,1.05,13.47,40.43,53.9,15,True,False,4.7
WO-00761,2025-03-12 20:58:00,2025-03-12 21:31:00,Guest Room,General Maintenance,Signage repair,Corrective,Emergency,Evening,ENG-07,8,True,True,6,27,0.55,0.45,17.97,17.32,35.29,15,True,False,4.9
WO-01197,2025-03-13 12:25:00,2025-03-13 14:17:00,Guest Room,Plumbing,Fixture leak,Corrective,Medium,Day,ENG-01,5,True,False,48,64,1.87,1.07,30.88,41.2,72.08,120,True,False,4.5
WO-01194,2025-03-13 13:05:00,2025-03-13 15:02:00,Guest Room,Electrical,Breaker trip,Corrective,High,Day,ENG-03,5,True,False,30,87,1.95,1.45,166.82,55.82,222.64,30,True,False,4.4
WO-00090,2025-03-14 14:20:00,2025-03-14 16:58:00,Lobby,Electrical,Breaker trip,Corrective,Medium,Day,ENG-01,5,False,False,59,99,2.63,1.65,30.08,63.52,93.6,120,True,False,
WO-00738,2025-03-14 19:23:00,2025-03-14 21:06:00,Mechanical Room,Plumbing,Drain blockage,Corrective,Emergency,Evening,ENG-05,14,False,False,15,88,1.72,1.47,158.96,56.59,215.55,15,True,False,
WO-00706,2025-03-15 00:08:00,2025-03-15 01:40:00,Kitchen,General Maintenance,Furniture repair,Corrective,High,Overnight,ENG-08,1,False,False,34,58,1.53,0.97,6.86,37.34,44.2,30,False,False,
WO-00656,2025-03-15 07:38:00,2025-03-15 10:42:00,Guest Room,Plumbing,Fixture leak,Corrective,Medium,Day,ENG-01,13,True,False,34,150,3.07,2.5,43.73,96.25,139.98,120,True,False,4.4
WO-00645,2025-03-15 13:23:00,2025-03-15 15:39:00,Lobby,Plumbing,Low water pressure,Corrective,Medium,Day,ENG-01,5,True,False,56,80,2.27,1.33,0.93,51.21,52.14,120,True,False,4.0
WO-00059,2025-03-15 21:00:00,2025-03-15 23:27:00,Lobby,Electrical,Outlet failure,Corrective,High,Evening,ENG-05,11,False,False,39,108,2.45,1.8,243.77,69.3,313.07,30,False,False,
WO-01025,2025-03-16 05:38:00,2025-03-16 07:57:00,Meeting Space,HVAC,Room not cooling,Corrective,High,Overnight,ENG-09,7,False,False,39,100,2.32,1.67,277.58,64.3,341.88,30,False,False,
WO-00453,2025-03-17 19:30:00,2025-03-17 22:46:00,Guest Room,HVAC,Fan motor failure,Corrective,Medium,Evening,ENG-05,8,True,False,94,102,3.27,1.7,149.32,65.45,214.77,120,True,True,4.1
WO-00907,2025-03-18 09:06:00,2025-03-18 10:30:00,Guest Room,Electrical,Preventive inspection,Preventive,Medium,Day,ENG-01,10,True,False,46,38,1.4,0.63,35.0,24.25,59.25,120,True,True,4.7
WO-00931,2025-03-18 11:14:00,2025-03-18 13:57:00,Guest Room,HVAC,Condensate leak,Corrective,Emergency,Day,ENG-03,6,True,False,5,158,2.72,2.63,192.28,101.25,293.53,15,True,False,4.2
WO-00702,2025-03-18 12:41:00,2025-03-18 14:16:00,Mechanical Room,HVAC,Thermostat fault,Preventive,Medium,Day,ENG-01,9,False,False,64,31,1.58,0.52,93.06,20.02,113.08,120,True,False,
WO-00219,2025-03-18 12:43:00,2025-03-18 15:06:00,Meeting Space,HVAC,Fan motor failure,Corrective,Medium,Day,ENG-02,2,False,False,77,66,2.38,1.1,172.58,42.35,214.93,120,True,False,
WO-00989,2025-03-18 19:46:00,2025-03-18 22:35:00,Lobby,Electrical,Outlet failure,Corrective,Low,Evening,ENG-06,6,True,False,122,47,2.82,0.78,42.4,30.03,72.43,240,True,False,4.3
WO-00274,2025-03-19 09:02:00,2025-03-19 10:50:00,Lobby,Plumbing,Preventive inspection,Preventive,Medium,Day,ENG-01,1,True,False,53,55,1.8,0.92,19.26,35.42,54.68,120,True,False,4.6
WO-00359,2025-03-19 11:34:00,2025-03-19 14:01:00,Guest Room,Plumbing,Low water pressure,Corrective,Medium,Day,ENG-04,3,True,False,41,106,2.45,1.77,155.37,68.14,223.51,120,True,False,4.2
WO-00242,2025-03-19 14:33:00,2025-03-19 16:15:00,Meeting Space,HVAC,Condensate leak,Preventive,Medium,Day,ENG-03,10,True,False,49,53,1.7,0.88,98.89,33.88,132.77,120,True,False,4.8
WO-00971,2025-03-19 19:37:00,2025-03-19 23:22:00,Kitchen,Refrigeration,Temperature above range,Corrective,High,Evening,ENG-06,17,False,False,33,192,3.75,3.2,74.1,123.2,197.3,30,False,True,
WO-00605,2025-03-20 13:45:00,2025-03-20 15:52:00,Guest Room,HVAC,Room not cooling,Corrective,Medium,Day,ENG-03,9,True,False,38,89,2.12,1.48,46.83,56.98,103.81,120,True,False,5.0
WO-00322,2025-03-21 07:39:00,2025-03-21 10:28:00,Kitchen,General Maintenance,Furniture repair,Corrective,Low,Day,ENG-01,9,False,False,128,41,2.82,0.68,2.1,26.18,28.28,240,True,False,
WO-01048,2025-03-21 07:56:00,2025-03-21 11:16:00,Guest Room,HVAC,Thermostat fault,Corrective,Emergency,Day,ENG-04,12,True,False,8,192,3.33,3.2,181.21,123.2,304.41,15,True,True,4.1
WO-00911,2025-03-21 10:46:00,2025-03-21 13:01:00,Guest Room,Plumbing,Drain blockage,Corrective,Medium,Day,ENG-03,9,True,False,70,65,2.25,1.08,46.98,41.58,88.56,120,True,False,4.5
WO-00714,2025-03-21 11:29:00,2025-03-21 14:49:00,Meeting Space,HVAC,Filter replacement,Corrective,High,Day,ENG-03,7,False,False,19,181,3.33,3.02,460.26,116.27,576.53,30,True,False,
WO-00062,2025-03-22 08:46:00,2025-03-22 10:37:00,Laundry,Plumbing,No hot water,Corrective,High,Day,ENG-02,3,False,False,15,96,1.85,1.6,4.84,61.6,66.44,30,True,False,
WO-00475,2025-03-22 12:49:00,2025-03-22 14:45:00,Kitchen,General Maintenance,Door hardware,Corrective,Medium,Day,ENG-02,13,False,False,63,53,1.93,0.88,48.99,33.88,82.87,120,True,False,
WO-00476,2025-03-22 14:15:00,2025-03-22 15:42:00,Lobby,HVAC,Fan motor failure,Corrective,High,Day,ENG-02,7,False,False,20,67,1.45,1.12,28.6,43.12,71.72,30,True,False,
WO-01067,2025-03-22 17:30:00,2025-03-22 20:43:00,Lobby,HVAC,Thermostat fault,Preventive,Low,Evening,ENG-05,1,False,False,138,55,3.22,0.92,77.85,35.42,113.27,240,True,False,
WO-01021,2025-03-23 02:13:00,2025-03-23 04:01:00,Guest Room,Plumbing,Drain blockage,Corrective,Emergency,Overnight,ENG-08,9,False,False,12,96,1.8,1.6,17.98,61.6,79.58,15,True,False,
WO-00720,2025-03-23 06:34:00,2025-03-23 09:16:00,Guest Room,General Maintenance,Furniture repair,Corrective,Medium,Overnight,ENG-09,6,False,False,101,61,2.7,1.02,39.63,39.27,78.9,120,True,False,
WO-00530,2025-03-23 09:09:00,2025-03-23 10:48:00,Guest Room,General Maintenance,Wall or ceiling damage,Corrective,Medium,Day,ENG-03,4,True,False,29,70,1.65,1.17,143.09,45.04,188.13,120,True,False,4.4
WO-00633,2025-03-23 10:41:00,2025-03-23 11:58:00,Guest Room,Plumbing,Fixture leak,Corrective,High,Day,ENG-02,8,True,False,10,67,1.28,1.12,96.17,43.12,139.29,30,True,False,4.1
WO-00079,2025-03-23 18:30:00,2025-03-23 20:57:00,Meeting Space,Life Safety,Sprinkler inspection,Preventive,Medium,Evening,ENG-05,1,False,False,75,72,2.45,1.2,21.61,46.2,67.81,120,True,False,
WO-01183,2025-03-24 13:27:00,2025-03-24 16:52:00,Kitchen,Refrigeration,Compressor fault,Corrective,Medium,Day,ENG-02,4,False,False,119,86,3.42,1.43,481.81,55.05,536.86,120,True,False,
WO-00725,2025-03-25 07:27:00,2025-03-25 10:59:00,Kitchen,Refrigeration,Temperature above range,Preventive,Medium,Day,ENG-03,12,False,False,100,112,3.53,1.87,88.28,72.0,160.28,120,True,False,
WO-00913,2025-03-25 15:17:00,2025-03-25 16:57:00,Kitchen,General Maintenance,Preventive inspection,Corrective,Medium,Evening,ENG-05,5,False,False,55,45,1.67,0.75,107.35,28.88,136.23,120,True,False,
WO-00158,2025-03-25 18:31:00,2025-03-25 19:26:00,Lobby,General Maintenance,Signage repair,Corrective,High,Evening,ENG-05,1,False,False,18,37,0.92,0.62,20.28,23.87,44.15,30,True,False,
WO-00061,2025-03-26 10:23:00,2025-03-26 11:57:00,Lobby,Electrical,Control panel fault,Corrective,Emergency,Day,ENG-01,6,True,False,6,88,1.57,1.47,66.17,56.59,122.76,15,True,False,4.2
WO-00939,2025-03-26 11:47:00,2025-03-26 14:11:00,Guest Room,HVAC,Filter replacement,Corrective,High,Day,ENG-01,16,False,False,19,125,2.4,2.08,39.5,80.08,119.58,30,True,False,
WO-00817,2025-03-26 13:35:00,2025-03-26 15:19:00,Guest Room,Electrical,Control panel fault,Corrective,High,Day,ENG-04,8,True,True,26,78,1.73,1.3,65.35,50.05,115.4,30,True,False,3.9
WO-00564,2025-03-26 15:22:00,2025-03-26 16:41:00,Meeting Space,General Maintenance,Furniture repair,Corrective,Emergency,Evening,ENG-06,13,True,False,14,65,1.32,1.08,62.71,41.58,104.29,15,True,True,4.4
WO-01167,2025-03-26 21:07:00,2025-03-26 23:45:00,Meeting Space,HVAC,Filter replacement,Preventive,Low,Evening,ENG-05,6,False,False,120,38,2.63,0.63,91.46,24.25,115.71,240,True,False,
WO-01072,2025-03-27 18:38:00,2025-03-27 21:06:00,Guest Room,HVAC,Room not cooling,Corrective,Emergency,Evening,ENG-07,10,True,True,21,127,2.47,2.12,330.79,81.62,412.41,15,False,False,3.4
WO-00056,2025-03-27 20:33:00,2025-03-27 22:40:00,Guest Room,Plumbing,Preventive inspection,Preventive,Medium,Evening,ENG-06,13,False,False,73,54,2.12,0.9,8.64,34.65,43.29,120,True,False,
WO-01117,2025-03-27 23:14:00,2025-03-28 01:58:00,Guest Room,HVAC,Condensate leak,Corrective,Emergency,Overnight,ENG-09,13,True,True,14,150,2.73,2.5,75.62,96.25,171.87,15,True,True,4.6
WO-00896,2025-03-28 00:38:00,2025-03-28 03:52:00,Guest Room,HVAC,Filter replacement,Corrective,Medium,Overnight,ENG-08,5,True,False,92,102,3.23,1.7,367.36,65.45,432.81,120,True,False,4.1
WO-00071,2025-03-28 07:19:00,2025-03-28 09:34:00,Guest Room,HVAC,Thermostat fault,Preventive,Low,Day,ENG-01,9,True,False,93,42,2.25,0.7,75.15,26.95,102.1,240,True,False,3.9
WO-00285,2025-03-28 16:29:00,2025-03-28 19:32:00,Guest Room,HVAC,Filter replacement,Corrective,Medium,Evening,ENG-06,8,True,False,55,128,3.05,2.13,57.12,82.0,139.12,120,True,False,3.8
WO-01086,2025-03-28 17:35:00,2025-03-28 19:23:00,Guest Room,Electrical,Control panel fault,Corrective,Medium,Evening,ENG-06,4,True,False,45,63,1.8,1.05,178.86,40.43,219.29,120,True,False,4.4
WO-00173,2025-03-29 10:18:00,2025-03-29 13:23:00,Exterior,Electrical,Outlet failure,Corrective,Medium,Day,ENG-03,1,False,False,68,117,3.08,1.95,185.3,75.08,260.38,120,True,False,
WO-01068,2025-03-29 19:39:00,2025-03-29 22:16:00,Mechanical Room,Life Safety,Alarm device fault,Corrective,Medium,Evening,ENG-06,8,False,False,76,81,2.62,1.35,122.55,51.98,174.53,120,True,False,
WO-01044,2025-03-30 08:32:00,2025-03-30 11:47:00,Guest Room,Life Safety,Panel communication fault,Corrective,Low,Day,ENG-03,13,True,False,127,68,3.25,1.13,131.59,43.5,175.09,240,True,False,4.3
WO-00433,2025-03-30 21:02:00,2025-03-30 23:03:00,Guest Room,HVAC,Thermostat fault,Corrective,High,Evening,ENG-07,3,False,False,41,80,2.02,1.33,336.48,51.21,387.69,30,False,False,
WO-00708,2025-03-31 04:10:00,2025-03-31 06:12:00,Guest Room,General Maintenance,Preventive inspection,Corrective,Medium,Overnight,ENG-09,8,True,False,64,58,2.03,0.97,40.03,37.34,77.37,120,True,False,5.0
WO-00473,2025-03-31 16:11:00,2025-03-31 18:03:00,Mechanical Room,Plumbing,No hot water,Corrective,High,Evening,ENG-05,6,False,False,21,91,1.87,1.52,6.82,58.52,65.34,30,True,False,
WO-01051,2025-03-31 16:37:00,2025-03-31 19:07:00,Guest Room,Electrical,Outlet failure,Corrective,Medium,Evening,ENG-07,4,False,False,35,115,2.5,1.92,83.15,73.92,157.07,120,True,False,
WO-00882,2025-03-31 20:36:00,2025-03-31 22:14:00,Kitchen,Plumbing,Preventive inspection,Preventive,Medium,Evening,ENG-06,4,False,False,40,58,1.63,0.97,100.7,37.34,138.04,120,True,False,
WO-01132,2025-04-01 09:43:00,2025-04-01 11:31:00,Laundry,Plumbing,Drain blockage,Corrective,High,Day,ENG-01,5,False,False,29,79,1.8,1.32,48.24,50.82,99.06,30,True,True,
WO-00321,2025-04-01 10:06:00,2025-04-01 12:26:00,Mechanical Room,Refrigeration,Compressor fault,Corrective,High,Day,ENG-01,1,False,False,28,112,2.33,1.87,460.5,72.0,532.5,30,True,False,
WO-00686,2025-04-01 11:58:00,2025-04-01 14:20:00,Guest Room,Plumbing,Preventive inspection,Preventive,Low,Day,ENG-02,12,False,False,81,61,2.37,1.02,8.03,39.27,47.3,240,True,True,
WO-00929,2025-04-02 05:50:00,2025-04-02 08:43:00,Laundry,Plumbing,Preventive inspection,Preventive,Low,Overnight,ENG-08,9,True,False,135,38,2.88,0.63,31.99,24.25,56.24,240,True,False,4.4
WO-00621,2025-04-02 15:10:00,2025-04-02 18:23:00,Kitchen,HVAC,Room not cooling,Preventive,Low,Evening,ENG-07,8,False,False,139,54,3.22,0.9,60.3,34.65,94.95,240,True,False,
WO-00497,2025-04-02 16:30:00,2025-04-02 21:55:00,Kitchen,Refrigeration,Temperature above range,Preventive,Low,Evening,ENG-05,6,False,False,141,184,5.42,3.07,35.67,118.19,153.86,240,True,False,
WO-00221,2025-04-02 17:38:00,2025-04-02 20:41:00,Laundry,Refrigeration,Door seal failure,Corrective,Emergency,Evening,ENG-07,8,False,False,11,172,3.05,2.87,139.45,110.5,249.95,15,True,False,
WO-00421,2025-04-03 00:24:00,2025-04-03 03:39:00,Exterior,Electrical,Preventive inspection,Corrective,Medium,Overnight,ENG-08,8,False,False,78,117,3.25,1.95,85.48,75.08,160.56,120,True,False,
WO-00495,2025-04-03 15:56:00,2025-04-03 17:25:00,Meeting Space,Electrical,Breaker trip,Corrective,Emergency,Evening,ENG-06,9,True,False,7,82,1.48,1.37,34.54,52.75,87.29,15,True,False,4.6
WO-00137,2025-04-04 09:38:00,2025-04-04 11:35:00,Meeting Space,Electrical,Preventive inspection,Preventive,Medium,Day,ENG-02,6,False,False,70,47,1.95,0.78,68.23,30.03,98.26,120,True,False,
WO-00166,2025-04-04 10:36:00,2025-04-04 12:43:00,Kitchen,Electrical,Preventive inspection,Corrective,High,Day,ENG-02,4,False,False,19,108,2.12,1.8,221.22,69.3,290.52,30,True,False,
WO-00423,2025-04-04 23:26:00,2025-04-05 01:31:00,Guest Room,Electrical,Breaker trip,Corrective,Medium,Overnight,ENG-09,2,True,False,39,86,2.08,1.43,46.55,55.05,101.6,120,True,False,4.8
WO-00748,2025-04-05 08:43:00,2025-04-05 10:44:00,Guest Room,Electrical,Control panel fault,Corrective,Medium,Day,ENG-02,13,False,False,54,67,2.02,1.12,143.53,43.12,186.65,120,True,False,
WO-00576,2025-04-05 16:49:00,2025-04-05 20:59:00,Mechanical Room,HVAC,Fan motor failure,Preventive,Low,Evening,ENG-07,5,False,False,190,60,4.17,1.0,61.38,38.5,99.88,240,True,False,
WO-00676,2025-04-05 18:17:00,2025-04-05 21:07:00,Meeting Space,General Maintenance,Wall or ceiling damage,Corrective,Low,Evening,ENG-06,5,True,False,132,38,2.83,0.63,38.3,24.25,62.55,240,True,False,4.5
WO-00383,2025-04-05 20:48:00,2025-04-05 22:44:00,Guest Room,HVAC,Filter replacement,Preventive,Medium,Evening,ENG-07,5,True,False,44,72,1.93,1.2,285.76,46.2,331.96,120,True,False,4.4
WO-01031,2025-04-05 21:56:00,2025-04-06 00:58:00,Guest Room,HVAC,Room not cooling,Corrective,Medium,Evening,ENG-07,5,True,False,72,110,3.03,1.83,42.85,70.45,113.3,120,True,False,4.8
WO-00660,2025-04-06 03:43:00,2025-04-06 08:12:00,Guest Room,Plumbing,Preventive inspection,Preventive,Low,Overnight,ENG-09,5,True,False,169,100,4.48,1.67,36.38,64.3,100.68,240,True,True,4.4
WO-01006,2025-04-06 10:53:00,2025-04-06 14:59:00,Laundry,Refrigeration,Temperature above range,Preventive,Low,Day,ENG-04,8,False,False,158,88,4.1,1.47,26.25,56.59,82.84,240,True,False,
WO-00260,2025-04-06 11:40:00,2025-04-06 14:31:00,Meeting Space,Electrical,Preventive inspection,Corrective,Medium,Day,ENG-03,11,False,False,103,68,2.85,1.13,144.43,43.5,187.93,120,True,False,
WO-00694,2025-04-06 14:14:00,2025-04-06 15:54:00,Guest Room,Electrical,Outlet failure,Corrective,High,Day,ENG-04,2,True,False,25,75,1.67,1.25,145.32,48.12,193.44,30,True,False,4.5
WO-00104,2025-04-06 14:18:00,2025-04-06 17:10:00,Meeting Space,HVAC,Filter replacement,Corrective,High,Day,ENG-01,9,False,False,31,141,2.87,2.35,15.91,90.48,106.39,30,False,False,
WO-01155,2025-04-07 05:18:00,2025-04-07 08:00:00,Guest Room,HVAC,Filter replacement,Preventive,Medium,Overnight,ENG-09,7,True,False,61,101,2.7,1.68,50.53,64.68,115.21,120,True,False,4.3
WO-00351,2025-04-07 13:25:00,2025-04-07 15:51:00,Kitchen,Refrigeration,Coil cleaning,Corrective,Emergency,Day,ENG-01,2,False,False,11,135,2.43,2.25,326.99,86.62,413.61,15,True,False,
WO-01139,2025-04-07 14:48:00,2025-04-07 17:27:00,Laundry,Plumbing,Fixture leak,Corrective,Medium,Day,ENG-01,1,False,False,94,65,2.65,1.08,187.22,41.58,228.8,120,True,False,
WO-01134,2025-04-08 08:51:00,2025-04-08 11:52:00,Meeting Space,Electrical,Lighting outage,Corrective,Medium,Day,ENG-01,4,False,False,52,129,3.02,2.15,181.67,82.77,264.44,120,True,False,
WO-00857,2025-04-08 10:26:00,2025-04-08 13:55:00,Mechanical Room,Refrigeration,Ice buildup,Corrective,High,Day,ENG-03,6,False,False,28,181,3.48,3.02,102.29,116.27,218.56,30,True,False,
WO-00732,2025-04-08 11:59:00,2025-04-08 13:38:00,Meeting Space,General Maintenance,Preventive inspection,Corrective,High,Day,ENG-03,9,False,False,36,63,1.65,1.05,17.75,40.43,58.18,30,False,False,
WO-01066,2025-04-08 16:30:00,2025-04-08 19:30:00,Guest Room,HVAC,Thermostat fault,Corrective,Medium,Evening,ENG-07,2,False,False,106,74,3.0,1.23,399.35,47.35,446.7,120,True,False,
WO-00784,2025-04-08 16:41:00,2025-04-08 20:44:00,Kitchen,Electrical,Preventive inspection,Preventive,Low,Evening,ENG-06,1,False,False,201,42,4.05,0.7,12.71,26.95,39.66,240,True,False,
WO-00081,2025-04-08 19:42:00,2025-04-08 23:30:00,Guest Room,HVAC,Condensate leak,Corrective,Medium,Evening,ENG-07,13,True,False,68,160,3.8,2.67,90.69,102.8,193.49,120,True,True,3.9
WO-00401,2025-04-09 01:52:00,2025-04-09 03:37:00,Mechanical Room,Plumbing,Drain blockage,Corrective,High,Overnight,ENG-08,8,False,False,32,73,1.75,1.22,269.59,46.97,316.56,30,False,False,
WO-00150,2025-04-09 06:18:00,2025-04-09 10:03:00,Kitchen,Refrigeration,Compressor fault,Corrective,Medium,Overnight,ENG-09,11,False,False,111,114,3.75,1.9,154.37,73.15,227.52,120,True,False,
WO-00407,2025-04-09 12:43:00,2025-04-09 14:50:00,Lobby,Electrical,Control panel fault,Corrective,High,Day,ENG-03,9,False,False,17,110,2.12,1.83,60.1,70.45,130.55,30,True,False,
WO-00666,2025-04-09 16:12:00,2025-04-09 19:41:00,Guest Room,HVAC,Fan motor failure,Preventive,Low,Evening,ENG-07,7,True,False,127,82,3.48,1.37,56.91,52.75,109.66,240,True,False,3.9
WO-00744,2025-04-09 21:57:00,2025-04-10 02:04:00,Laundry,Refrigeration,Door seal failure,Corrective,High,Evening,ENG-07,7,False,False,40,207,4.12,3.45,113.42,132.83,246.25,30,False,False,
WO-00329,2025-04-11 10:37:00,2025-04-11 12:49:00,Guest Room,Plumbing,Fixture leak,Corrective,Medium,Day,ENG-03,5,True,False,57,75,2.2,1.25,49.1,48.12,97.22,120,True,False,3.8
WO-00428,2025-04-11 14:11:00,2025-04-11 18:27:00,Guest Room,Plumbing,Preventive inspection,Preventive,Low,Day,ENG-04,13,True,False,212,44,4.27,0.73,100.4,28.11,128.51,240,True,False,4.2
WO-00948,2025-04-11 16:14:00,2025-04-11 21:30:00,Mechanical Room,Refrigeration,Coil cleaning,Preventive,Medium,Evening,ENG-07,9,False,False,163,153,5.27,2.55,44.19,98.17,142.36,120,False,False,
WO-01101,2025-04-11 22:01:00,2025-04-12 00:08:00,Lobby,General Maintenance,Wall or ceiling damage,Corrective,Medium,Evening,ENG-05,7,True,False,64,63,2.12,1.05,41.94,40.43,82.37,120,True,False,4.0
WO-00206,2025-04-12 06:57:00,2025-04-12 09:08:00,Guest Room,Electrical,Lighting outage,Corrective,High,Overnight,ENG-09,8,True,False,28,103,2.18,1.72,48.17,66.22,114.39,30,True,False,4.0
WO-00892,2025-04-12 09:02:00,2025-04-12 11:45:00,Guest Room,Electrical,Lighting outage,Corrective,Medium,Day,ENG-02,2,True,False,53,110,2.72,1.83,18.58,70.45,89.03,120,True,False,4.6
WO-00203,2025-04-12 11:14:00,2025-04-12 13:26:00,Kitchen,Electrical,Control panel fault,Corrective,Medium,Day,ENG-04,9,False,False,48,84,2.2,1.4,42.69,53.9,96.59,120,True,False,
WO-00529,2025-04-12 19:41:00,2025-04-12 22:35:00,Guest Room,Electrical,Outlet failure,Corrective,Medium,Evening,ENG-05,3,False,False,101,73,2.9,1.22,54.46,46.97,101.43,120,True,False,
WO-00509,2025-04-13 13:52:00,2025-04-13 16:30:00,Guest Room,HVAC,Room not cooling,Corrective,High,Day,ENG-02,5,True,False,18,140,2.63,2.33,88.21,89.7,177.91,30,True,False,4.6
WO-00507,2025-04-13 15:09:00,2025-04-13 16:55:00,Guest Room,Plumbing,No hot water,Corrective,Medium,Evening,ENG-05,11,False,False,35,71,1.77,1.18,94.49,45.43,139.92,120,True,False,
WO-00227,2025-04-13 15:30:00,2025-04-13 19:00:00,Kitchen,Refrigeration,Temperature above range,Preventive,Medium,Evening,ENG-05,6,False,False,85,125,3.5,2.08,34.83,80.08,114.91,120,True,True,
WO-00314,2025-04-13 19:35:00,2025-04-13 20:28:00,Kitchen,General Maintenance,Wall or ceiling damage,Corrective,Emergency,Evening,ENG-05,1,False,False,8,45,0.88,0.75,13.53,28.88,42.41,15,True,False,
WO-00844,2025-04-13 20:19:00,2025-04-13 23:39:00,Guest Room,HVAC,Filter replacement,Corrective,Medium,Evening,ENG-07,7,False,False,76,124,3.33,2.07,37.28,79.69,116.97,120,True,False,
WO-00672,2025-04-13 21:33:00,2025-04-14 00:28:00,Exterior,Electrical,Preventive inspection,Corrective,High,Evening,ENG-05,3,True,False,21,154,2.92,2.57,54.17,98.94,153.11,30,True,False,3.8
WO-00443,2025-04-13 22:59:00,2025-04-14 00:56:00,Guest Room,General Maintenance,Preventive inspection,Preventive,Medium,Evening,ENG-06,7,True,False,63,54,1.95,0.9,8.46,34.65,43.11,120,True,False,4.2
WO-00178,2025-04-14 06:56:00,2025-04-14 10:27:00,Mechanical Room,HVAC,Thermostat fault,Corrective,High,Overnight,ENG-09,4,False,False,38,173,3.52,2.88,279.58,110.88,390.46,30,False,False,
WO-00223,2025-04-14 09:52:00,2025-04-14 11:50:00,Exterior,Life Safety,Alarm device fault,Corrective,High,Day,ENG-01,8,False,False,26,92,1.97,1.53,355.37,58.91,414.28,30,True,False,
WO-00250,2025-04-14 14:21:00,2025-04-14 15:59:00,Guest Room,Life Safety,Alarm device fault,Corrective,High,Day,ENG-04,8,False,False,18,80,1.63,1.33,90.23,51.21,141.44,30,True,False,
WO-01081,2025-04-15 08:33:00,2025-04-15 12:32:00,Kitchen,Refrigeration,Ice buildup,Preventive,Low,Day,ENG-04,7,False,False,150,89,3.98,1.48,176.12,56.98,233.1,240,True,False,
WO-00477,2025-04-15 12:22:00,2025-04-15 13:55:00,Guest Room,Plumbing,Fixture leak,Corrective,Emergency,Day,ENG-04,9,True,True,11,82,1.55,1.37,0.83,52.75,53.58,15,True,False,4.5
WO-00704,2025-04-15 17:00:00,2025-04-15 21:20:00,Mechanical Room,Refrigeration,Door seal failure,Corrective,Medium,Evening,ENG-07,7,False,False,106,154,4.33,2.57,295.44,98.94,394.38,120,True,False,
WO-00346,2025-04-15 18:30:00,2025-04-15 21:52:00,Guest Room,Plumbing,Preventive inspection,Preventive,Low,Evening,ENG-05,9,False,False,149,53,3.37,0.88,21.23,33.88,55.11,240,True,False,
WO-00282,2025-04-15 19:48:00,2025-04-15 22:39:00,Mechanical Room,Refrigeration,Coil cleaning,Preventive,Low,Evening,ENG-07,5,True,False,119,52,2.85,0.87,23.19,33.49,56.68,240,True,False,3.7
WO-00923,2025-04-16 12:17:00,2025-04-16 13:50:00,Lobby,General Maintenance,Wall or ceiling damage,Corrective,Medium,Day,ENG-02,11,False,False,43,50,1.55,0.83,22.86,31.95,54.81,120,True,False,
WO-01058,2025-04-16 18:12:00,2025-04-16 20:48:00,Lobby,General Maintenance,Preventive inspection,Preventive,Low,Evening,ENG-07,9,False,False,106,50,2.6,0.83,12.96,31.95,44.91,240,True,False,
WO-00181,2025-04-16 19:00:00,2025-04-16 21:06:00,Guest Room,Plumbing,Preventive inspection,Preventive,Medium,Evening,ENG-05,1,False,False,91,35,2.1,0.58,21.96,22.33,44.29,120,True,False,
WO-01073,2025-04-16 19:17:00,2025-04-16 21:47:00,Lobby,General Maintenance,Wall or ceiling damage,Corrective,Medium,Evening,ENG-05,14,False,False,63,87,2.5,1.45,52.41,55.82,108.23,120,True,False,
WO-00571,2025-04-16 21:22:00,2025-04-16 23:53:00,Mechanical Room,Plumbing,Preventive inspection,Preventive,Medium,Evening,ENG-05,12,False,False,48,103,2.52,1.72,3.25,66.22,69.47,120,True,False,
WO-00651,2025-04-17 10:17:00,2025-04-17 11:58:00,Guest Room,General Maintenance,Furniture repair,Corrective,Medium,Day,ENG-04,12,False,False,54,47,1.68,0.78,45.34,30.03,75.37,120,True,False,
WO-00899,2025-04-17 16:36:00,2025-04-17 19:25:00,Guest Room,HVAC,Room not cooling,Corrective,Emergency,Evening,ENG-05,6,True,True,9,160,2.82,2.67,29.39,102.8,132.19,15,True,False,4.6
WO-00034,2025-04-18 05:23:00,2025-04-18 08:45:00,Guest Room,Plumbing,No hot water,Corrective,Low,Overnight,ENG-08,5,True,False,129,73,3.37,1.22,50.92,46.97,97.89,240,True,False,4.1
WO-00685,2025-04-18 07:48:00,2025-04-18 12:13:00,Kitchen,Refrigeration,Coil cleaning,Corrective,Low,Day,ENG-01,6,True,False,122,143,4.42,2.38,78.28,91.63,169.91,240,True,False,4.6
WO-00552,2025-04-18 11:21:00,2025-04-18 14:24:00,Mechanical Room,HVAC,Thermostat fault,Corrective,Medium,Day,ENG-03,4,False,False,58,125,3.05,2.08,24.77,80.08,104.85,120,True,False,
WO-00885,2025-04-19 06:41:00,2025-04-19 09:47:00,Lobby,Electrical,Lighting outage,Corrective,Medium,Overnight,ENG-09,3,False,False,117,69,3.1,1.15,95.66,44.27,139.93,120,True,False,
WO-00588,2025-04-19 15:14:00,2025-04-19 19:31:00,Meeting Space,Electrical,Breaker trip,Corrective,Low,Evening,ENG-06,10,False,False,149,108,4.28,1.8,236.12,69.3,305.42,240,True,False,
WO-00209,2025-04-20 00:26:00,2025-04-20 02:37:00,Guest Room,Life Safety,Exit sign failure,Corrective,High,Overnight,ENG-08,5,True,True,36,95,2.18,1.58,126.74,60.83,187.57,30,False,False,3.7
WO-00168,2025-04-20 08:51:00,2025-04-20 11:56:00,Guest Room,Plumbing,Drain blockage,Corrective,Medium,Day,ENG-03,3,True,False,62,123,3.08,2.05,105.31,78.92,184.23,120,True,False,4.3
WO-00454,2025-04-20 10:38:00,2025-04-20 14:23:00,Kitchen,Refrigeration,Coil cleaning,Corrective,Medium,Day,ENG-04,3,False,False,51,174,3.75,2.9,7.97,111.65,119.62,120,True,False,
WO-00594,2025-04-20 18:35:00,2025-04-20 21:51:00,Kitchen,Refrigeration,Coil cleaning,Corrective,Medium,Evening,ENG-06,9,False,False,102,94,3.27,1.57,201.22,60.45,261.67,120,True,False,
WO-00574,2025-04-21 09:15:00,2025-04-21 10:51:00,Guest Room,Plumbing,No hot water,Corrective,High,Day,ENG-03,10,True,True,13,83,1.6,1.38,76.89,53.13,130.02,30,True,False,4.3
WO-00718,2025-04-21 10:13:00,2025-04-21 12:25:00,Guest Room,Plumbing,Drain blockage,Corrective,Medium,Day,ENG-02,5,False,False,43,89,2.2,1.48,37.44,56.98,94.42,120,True,False,
WO-00800,2025-04-21 14:33:00,2025-04-21 16:30:00,Lobby,General Maintenance,Wall or ceiling damage,Corrective,Medium,Day,ENG-03,1,False,False,65,52,1.95,0.87,68.35,33.49,101.84,120,True,False,
WO-00352,2025-04-21 15:47:00,2025-04-21 17:59:00,Meeting Space,HVAC,Filter replacement,Corrective,Emergency,Evening,ENG-05,4,False,False,12,120,2.2,2.0,121.27,77.0,198.27,15,True,False,
WO-00439,2025-04-21 22:59:00,2025-04-22 01:32:00,Kitchen,Electrical,Lighting outage,Corrective,Medium,Evening,ENG-05,2,False,False,56,97,2.55,1.62,369.2,62.37,431.57,120,True,False,
WO-00830,2025-04-22 01:43:00,2025-04-22 05:00:00,Kitchen,Refrigeration,Compressor fault,Corrective,High,Overnight,ENG-09,10,False,False,30,167,3.28,2.78,73.32,107.03,180.35,30,True,True,
WO-00456,2025-04-22 08:12:00,2025-04-22 10:26:00,Kitchen,HVAC,Thermostat fault,Corrective,High,Day,ENG-02,1,True,False,33,101,2.23,1.68,92.99,64.68,157.67,30,False,False,3.8
WO-00964,2025-04-23 06:45:00,2025-04-23 08:20:00,Guest Room,General Maintenance,Wall or ceiling damage,Corrective,High,Overnight,ENG-09,7,True,True,25,70,1.58,1.17,46.11,45.04,91.15,30,True,False,4.6
WO-00022,2025-04-23 11:11:00,2025-04-23 13:07:00,Kitchen,Electrical,Outlet failure,Corrective,Medium,Day,ENG-03,7,False,False,33,83,1.93,1.38,78.81,53.13,131.94,120,True,False,
WO-00511,2025-04-23 17:44:00,2025-04-23 19:08:00,Guest Room,Plumbing,Low water pressure,Corrective,High,Evening,ENG-06,8,True,True,14,70,1.4,1.17,98.62,45.04,143.66,30,True,False,4.5
WO-00248,2025-04-24 16:46:00,2025-04-24 20:04:00,Guest Room,Plumbing,Drain blockage,Corrective,Low,Evening,ENG-06,11,False,False,113,85,3.3,1.42,62.78,54.67,117.45,240,True,False,
WO-00730,2025-04-25 08:42:00,2025-04-25 10:27:00,Lobby,Electrical,Lighting outage,Corrective,High,Day,ENG-02,10,False,False,14,91,1.75,1.52,160.34,58.52,218.86,30,True,False,
WO-00345,2025-04-25 10:21:00,2025-04-25 13:36:00,Meeting Space,Refrigeration,Ice buildup,Corrective,Medium,Day,ENG-02,3,False,False,43,152,3.25,2.53,126.02,97.4,223.42,120,True,True,
WO-00133,2025-04-25 19:58:00,2025-04-25 21:28:00,Meeting Space,Electrical,Lighting outage,Corrective,Emergency,Evening,ENG-07,1,True,False,11,79,1.5,1.32,15.17,50.82,65.99,15,True,False,5.0
WO-00807,2025-04-26 17:05:00,2025-04-26 19:39:00,Guest Room,HVAC,Room not cooling,Corrective,Low,Evening,ENG-06,5,True,False,86,68,2.57,1.13,122.06,43.5,165.56,240,True,False,5.0
WO-00766,2025-04-27 15:28:00,2025-04-27 17:57:00,Guest Room,HVAC,Thermostat fault,Corrective,Medium,Evening,ENG-07,5,True,False,59,90,2.48,1.5,270.48,57.75,328.23,120,True,True,3.3
WO-01061,2025-04-27 16:12:00,2025-04-27 18:01:00,Kitchen,Plumbing,Drain blockage,Corrective,Medium,Evening,ENG-05,8,False,False,74,35,1.82,0.58,130.02,22.33,152.35,120,True,False,
WO-00141,2025-04-28 09:49:00,2025-04-28 12:36:00,Mechanical Room,Plumbing,No hot water,Corrective,High,Day,ENG-02,5,True,False,21,146,2.78,2.43,97.04,93.56,190.6,30,True,False,4.4
WO-01103,2025-04-28 11:40:00,2025-04-28 13:23:00,Guest Room,Electrical,Outlet failure,Corrective,Medium,Day,ENG-02,9,False,False,53,50,1.72,0.83,170.33,31.95,202.28,120,True,False,
WO-00083,2025-04-28 12:22:00,2025-04-28 13:53:00,Guest Room,Electrical,Lighting outage,Corrective,High,Day,ENG-02,4,True,True,22,69,1.52,1.15,17.19,44.27,61.46,30,True,False,4.6
WO-01013,2025-04-28 17:00:00,2025-04-28 19:02:00,Guest Room,HVAC,Condensate leak,Preventive,Medium,Evening,ENG-07,8,True,False,64,58,2.03,0.97,104.29,37.34,141.63,120,True,True,4.4
WO-00871,2025-04-29 05:44:00,2025-04-29 07:17:00,Guest Room,Plumbing,Preventive inspection,Preventive,Medium,Overnight,ENG-09,4,True,False,48,45,1.55,0.75,18.42,28.88,47.3,120,True,False,4.3
WO-01079,2025-04-29 20:59:00,2025-04-29 22:26:00,Meeting Space,Life Safety,Sprinkler inspection,Preventive,Medium,Evening,ENG-05,9,False,False,46,41,1.45,0.68,33.66,26.18,59.84,120,True,False,
WO-00245,2025-04-30 09:57:00,2025-04-30 14:11:00,Mechanical Room,Refrigeration,Compressor fault,Corrective,Medium,Day,ENG-02,2,False,False,51,203,4.23,3.38,87.99,130.13,218.12,120,True,False,
WO-00233,2025-04-30 10:29:00,2025-04-30 13:28:00,Guest Room,General Maintenance,Preventive inspection,Preventive,Low,Day,ENG-01,7,True,False,122,57,2.98,0.95,43.74,36.57,80.31,240,True,False,4.4
WO-00082,2025-04-30 10:52:00,2025-04-30 13:31:00,Kitchen,HVAC,Room not cooling,Corrective,Emergency,Day,ENG-01,8,False,False,8,151,2.65,2.52,210.76,97.02,307.78,15,True,False,
WO-00156,2025-04-30 12:07:00,2025-04-30 14:40:00,Mechanical Room,Life Safety,Emergency light failure,Corrective,Medium,Day,ENG-02,8,False,False,51,102,2.55,1.7,38.35,65.45,103.8,120,True,False,
WO-01175,2025-04-30 18:46:00,2025-04-30 20:38:00,Lobby,HVAC,Condensate leak,Preventive,Medium,Evening,ENG-05,7,True,False,35,77,1.87,1.28,12.46,49.28,61.74,120,True,False,5.0
WO-00924,2025-05-01 06:06:00,2025-05-01 07:52:00,Lobby,Electrical,Outlet failure,Corrective,Medium,Overnight,ENG-09,4,True,False,37,69,1.77,1.15,79.62,44.27,123.89,120,True,False,4.8
WO-00013,2025-05-01 09:17:00,2025-05-01 11:54:00,Meeting Space,HVAC,Thermostat fault,Corrective,High,Day,ENG-03,3,False,False,15,142,2.62,2.37,155.26,91.25,246.51,30,True,True,
WO-00287,2025-05-01 10:16:00,2025-05-01 11:56:00,Guest Room,HVAC,Room not cooling,Corrective,Emergency,Day,ENG-04,12,True,True,8,92,1.67,1.53,33.7,58.91,92.61,15,True,True,4.4
WO-00425,2025-05-01 11:17:00,2025-05-01 13:51:00,Guest Room,HVAC,Fan motor failure,Preventive,Low,Day,ENG-02,10,True,False,65,89,2.57,1.48,140.37,56.98,197.35,240,True,False,3.5
WO-00801,2025-05-01 18:30:00,2025-05-01 21:46:00,Guest Room,HVAC,Filter replacement,Corrective,Emergency,Evening,ENG-07,12,True,False,7,189,3.27,3.15,67.38,121.27,188.65,15,True,False,4.3
WO-01030,2025-05-02 07:11:00,2025-05-02 09:23:00,Guest Room,Electrical,Control panel fault,Corrective,Medium,Day,ENG-04,7,False,False,64,68,2.2,1.13,23.82,43.5,67.32,120,True,False,
WO-00782,2025-05-02 19:23:00,2025-05-02 22:26:00,Kitchen,Refrigeration,Coil cleaning,Corrective,High,Evening,ENG-06,12,True,False,15,168,3.05,2.8,70.14,107.8,177.94,30,True,True,4.9
WO-00547,2025-05-03 13:01:00,2025-05-03 14:52:00,Lobby,General Maintenance,Furniture repair,Corrective,Medium,Day,ENG-03,1,False,False,51,60,1.85,1.0,79.68,38.5,118.18,120,True,False,
WO-00783,2025-05-03 13:38:00,2025-05-03 17:34:00,Lobby,Plumbing,Fixture leak,Corrective,Medium,Day,ENG-04,2,False,False,74,162,3.93,2.7,6.62,103.95,110.57,120,True,False,
WO-01094,2025-05-03 15:21:00,2025-05-03 17:16:00,Guest Room,Plumbing,Fixture leak,Corrective,Medium,Evening,ENG-07,9,False,False,37,78,1.92,1.3,39.9,50.05,89.95,120,True,False,
WO-01109,2025-05-03 17:12:00,2025-05-03 19:11:00,Guest Room,HVAC,Fan motor failure,Corrective,Emergency,Evening,ENG-07,14,False,False,11,108,1.98,1.8,204.81,69.3,274.11,15,True,False,
WO-00191,2025-05-03 19:45:00,2025-05-03 22:09:00,Kitchen,Refrigeration,Compressor fault,Corrective,Emergency,Evening,ENG-05,2,False,False,11,133,2.4,2.22,285.64,85.47,371.11,15,True,False,
WO-00671,2025-05-04 20:42:00,2025-05-04 22:00:00,Lobby,General Maintenance,Preventive inspection,Corrective,Emergency,Evening,ENG-07,6,False,False,14,64,1.3,1.07,89.69,41.2,130.89,15,True,False,
WO-00745,2025-05-05 13:38:00,2025-05-05 15:45:00,Guest Room,HVAC,Condensate leak,Corrective,Medium,Day,ENG-03,6,True,False,35,92,2.12,1.53,123.08,58.91,181.99,120,True,False,4.5
WO-00925,2025-05-06 22:54:00,2025-05-07 01:09:00,Guest Room,HVAC,Condensate leak,Corrective,High,Evening,ENG-05,14,True,False,25,110,2.25,1.83,286.7,70.45,357.15,30,True,False,4.7
WO-00502,2025-05-07 12:29:00,2025-05-07 14:59:00,Guest Room,Electrical,Outlet failure,Corrective,Medium,Day,ENG-01,4,True,False,61,89,2.5,1.48,46.63,56.98,103.61,120,True,False,3.9
WO-01017,2025-05-07 17:19:00,2025-05-07 19:46:00,Kitchen,Refrigeration,Coil cleaning,Corrective,High,Evening,ENG-05,9,True,False,20,127,2.45,2.12,542.99,81.62,624.61,30,True,False,4.5
WO-01012,2025-05-07 17:49:00,2025-05-07 20:18:00,Mechanical Room,Refrigeration,Ice buildup,Corrective,Emergency,Evening,ENG-06,3,False,False,9,140,2.48,2.33,368.37,89.7,458.07,15,True,True,
WO-00816,2025-05-07 20:43:00,2025-05-07 21:52:00,Meeting Space,Electrical,Preventive inspection,Corrective,Emergency,Evening,ENG-06,4,True,False,8,61,1.15,1.02,22.65,39.27,61.92,15,True,True,4.9
WO-01125,2025-05-08 07:35:00,2025-05-08 09:39:00,Guest Room,HVAC,Thermostat fault,Corrective,Medium,Day,ENG-04,11,False,False,28,96,2.07,1.6,183.66,61.6,245.26,120,True,False,
WO-01045,2025-05-08 11:51:00,2025-05-08 13:37:00,Kitchen,General Maintenance,Signage repair,Corrective,Medium,Day,ENG-02,5,False,False,53,53,1.77,0.88,11.64,33.88,45.52,120,True,False,
WO-00411,2025-05-08 15:48:00,2025-05-08 18:30:00,Guest Room,HVAC,Thermostat fault,Preventive,Low,Evening,ENG-06,14,True,False,107,55,2.7,0.92,20.32,35.42,55.74,240,True,False,4.3
WO-01168,2025-05-08 16:10:00,2025-05-08 20:24:00,Lobby,HVAC,Fan motor failure,Corrective,Emergency,Evening,ENG-07,12,False,False,11,243,4.23,4.05,20.87,155.92,176.79,15,True,False,
WO-00303,2025-05-08 18:26:00,2025-05-08 19:28:00,Guest Room,General Maintenance,Preventive inspection,Preventive,High,Evening,ENG-06,1,True,True,27,35,1.03,0.58,46.11,22.33,68.44,30,True,True,4.4
WO-00527,2025-05-08 20:05:00,2025-05-08 22:56:00,Guest Room,Electrical,Outlet failure,Corrective,Medium,Evening,ENG-05,11,True,False,111,60,2.85,1.0,164.93,38.5,203.43,120,True,False,4.6
WO-00270,2025-05-09 00:30:00,2025-05-09 03:09:00,Guest Room,HVAC,Condensate leak,Corrective,Medium,Overnight,ENG-09,8,True,False,37,122,2.65,2.03,12.81,78.15,90.96,120,True,False,4.2
WO-00279,2025-05-09 21:20:00,2025-05-09 23:22:00,Meeting Space,HVAC,Condensate leak,Corrective,Emergency,Evening,ENG-07,7,False,False,13,109,2.03,1.82,275.98,70.07,346.05,15,True,False,
WO-01085,2025-05-09 22:46:00,2025-05-10 01:38:00,Guest Room,HVAC,Room not cooling,Corrective,Medium,Evening,ENG-07,6,False,False,116,56,2.87,0.93,31.06,35.8,66.86,120,True,True,
WO-00733,2025-05-10 08:46:00,2025-05-10 10:17:00,Guest Room,Plumbing,Fixture leak,Corrective,Emergency,Day,ENG-01,6,True,True,7,84,1.52,1.4,173.7,53.9,227.6,15,True,False,4.5
WO-01038,2025-05-10 08:50:00,2025-05-10 11:43:00,Guest Room,HVAC,Thermostat fault,Corrective,Emergency,Day,ENG-03,3,True,False,7,166,2.88,2.77,66.58,106.64,173.22,15,True,False,4.7
WO-00619,2025-05-12 08:39:00,2025-05-12 11:51:00,Kitchen,Refrigeration,Coil cleaning,Corrective,High,Day,ENG-03,6,False,False,16,176,3.2,2.93,424.55,112.81,537.36,30,True,False,
WO-00097,2025-05-12 10:10:00,2025-05-12 12:36:00,Guest Room,HVAC,Filter replacement,Corrective,Medium,Day,ENG-02,7,False,False,79,67,2.43,1.12,155.21,43.12,198.33,120,True,False,
WO-00129,2025-05-12 10:59:00,2025-05-12 12:53:00,Lobby,Electrical,Outlet failure,Corrective,High,Day,ENG-02,2,True,False,31,83,1.9,1.38,70.62,53.13,123.75,30,False,False,3.1
WO-00677,2025-05-12 14:47:00,2025-05-12 17:40:00,Guest Room,HVAC,Filter replacement,Corrective,Medium,Day,ENG-04,13,False,False,41,132,2.88,2.2,69.03,84.7,153.73,120,True,True,
WO-00258,2025-05-12 15:02:00,2025-05-12 18:57:00,Guest Room,HVAC,Room not cooling,Preventive,Low,Evening,ENG-07,6,True,False,142,93,3.92,1.55,127.92,59.68,187.6,240,True,False,3.8
WO-00378,2025-05-12 15:23:00,2025-05-12 18:04:00,Lobby,Electrical,Preventive inspection,Corrective,High,Evening,ENG-06,9,False,False,27,134,2.68,2.23,88.7,85.86,174.56,30,True,False,
WO-00353,2025-05-12 22:38:00,2025-05-13 01:42:00,Lobby,HVAC,Thermostat fault,Corrective,Emergency,Evening,ENG-07,8,False,False,17,167,3.07,2.78,170.84,107.03,277.87,15,False,False,
WO-00872,2025-05-12 23:21:00,2025-05-13 02:08:00,Guest Room,HVAC,Condensate leak,Corrective,High,Overnight,ENG-08,6,True,False,22,145,2.78,2.42,253.77,93.17,346.94,30,True,False,4.4
WO-00668,2025-05-13 11:36:00,2025-05-13 13:50:00,Guest Room,General Maintenance,Preventive inspection,Preventive,Low,Day,ENG-03,9,False,False,97,37,2.23,0.62,23.48,23.87,47.35,240,True,False,
WO-01118,2025-05-13 21:21:00,2025-05-13 23:59:00,Guest Room,Plumbing,No hot water,Corrective,Medium,Evening,ENG-07,11,True,False,76,82,2.63,1.37,18.83,52.75,71.58,120,True,False,4.8
WO-00798,2025-05-14 18:39:00,2025-05-14 20:51:00,Guest Room,Plumbing,Low water pressure,Corrective,Medium,Evening,ENG-05,17,True,False,52,80,2.2,1.33,258.92,51.21,310.13,120,True,True,5.0
WO-00643,2025-05-15 05:22:00,2025-05-15 07:42:00,Guest Room,HVAC,Thermostat fault,Corrective,High,Overnight,ENG-09,7,True,True,22,118,2.33,1.97,93.01,75.84,168.85,30,True,False,4.6
WO-00068,2025-05-15 09:05:00,2025-05-15 12:43:00,Exterior,Electrical,Preventive inspection,Corrective,Low,Day,ENG-04,8,False,False,146,72,3.63,1.2,37.49,46.2,83.69,240,True,False,
WO-00275,2025-05-15 12:53:00,2025-05-15 14:42:00,Guest Room,Plumbing,No hot water,Corrective,Medium,Day,ENG-02,11,True,False,50,59,1.82,0.98,30.89,37.73,68.62,120,True,False,4.0
WO-00033,2025-05-15 13:16:00,2025-05-15 18:17:00,Meeting Space,General Maintenance,Signage repair,Corrective,Low,Day,ENG-04,10,False,False,269,32,5.02,0.53,15.19,20.41,35.6,240,False,False,
WO-00753,2025-05-15 13:49:00,2025-05-15 19:41:00,Mechanical Room,HVAC,Room not cooling,Corrective,Low,Day,ENG-02,9,False,False,227,125,5.87,2.08,49.6,80.08,129.68,240,True,False,
WO-00865,2025-05-15 16:33:00,2025-05-15 18:14:00,Laundry,Plumbing,Drain blockage,Corrective,High,Evening,ENG-06,3,True,False,24,77,1.68,1.28,35.28,49.28,84.56,30,True,True,4.4
WO-00631,2025-05-15 17:32:00,2025-05-15 19:43:00,Guest Room,General Maintenance,Preventive inspection,Preventive,Medium,Evening,ENG-07,10,True,False,88,43,2.18,0.72,62.76,27.72,90.48,120,True,False,4.6
WO-00370,2025-05-15 20:55:00,2025-05-15 23:24:00,Exterior,Electrical,Preventive inspection,Preventive,Medium,Evening,ENG-06,8,False,False,90,59,2.48,0.98,20.45,37.73,58.18,120,True,False,
WO-01145,2025-05-15 21:13:00,2025-05-15 23:13:00,Guest Room,HVAC,Thermostat fault,Corrective,High,Evening,ENG-05,9,True,False,34,86,2.0,1.43,305.95,55.05,361.0,30,False,False,3.4
WO-00212,2025-05-15 21:57:00,2025-05-16 01:06:00,Meeting Space,HVAC,Room not cooling,Preventive,Low,Evening,ENG-07,10,False,False,135,54,3.15,0.9,68.95,34.65,103.6,240,True,False,
WO-00199,2025-05-16 07:36:00,2025-05-16 09:50:00,Meeting Space,Electrical,Breaker trip,Corrective,Medium,Day,ENG-03,11,False,False,67,67,2.23,1.12,45.91,43.12,89.03,120,True,False,
WO-00768,2025-05-16 08:53:00,2025-05-16 12:16:00,Mechanical Room,HVAC,Thermostat fault,Corrective,Low,Day,ENG-03,9,True,False,84,119,3.38,1.98,168.54,76.23,244.77,240,True,False,3.9
WO-00664,2025-05-17 08:57:00,2025-05-17 12:04:00,Mechanical Room,HVAC,Room not cooling,Corrective,Low,Day,ENG-02,7,False,False,100,87,3.12,1.45,78.12,55.82,133.94,240,True,True,
WO-00327,2025-05-17 13:09:00,2025-05-17 15:56:00,Kitchen,Plumbing,Drain blockage,Corrective,Medium,Day,ENG-01,10,False,False,75,92,2.78,1.53,294.06,58.91,352.97,120,True,False,
WO-01177,2025-05-18 08:43:00,2025-05-18 11:14:00,Kitchen,Refrigeration,Compressor fault,Preventive,Medium,Day,ENG-03,1,False,False,43,108,2.52,1.8,53.41,69.3,122.71,120,True,False,
WO-01173,2025-05-18 10:32:00,2025-05-18 13:57:00,Lobby,Plumbing,Preventive inspection,Corrective,Medium,Day,ENG-01,4,False,False,68,137,3.42,2.28,28.65,87.78,116.43,120,True,False,
WO-00412,2025-05-18 11:25:00,2025-05-18 13:21:00,Exterior,Electrical,Outlet failure,Corrective,Medium,Day,ENG-01,5,True,False,38,78,1.93,1.3,53.4,50.05,103.45,120,True,True,4.9
WO-00779,2025-05-18 11:53:00,2025-05-18 15:09:00,Kitchen,Refrigeration,Temperature above range,Corrective,Medium,Day,ENG-02,1,False,False,75,121,3.27,2.02,481.2,77.77,558.97,120,True,False,
WO-00775,2025-05-18 21:53:00,2025-05-18 23:45:00,Meeting Space,Electrical,Lighting outage,Corrective,Emergency,Evening,ENG-07,4,True,False,4,108,1.87,1.8,18.68,69.3,87.98,15,True,False,4.4
WO-00662,2025-05-19 08:00:00,2025-05-19 10:44:00,Guest Room,Plumbing,No hot water,Corrective,Medium,Day,ENG-01,8,True,False,67,97,2.73,1.62,113.78,62.37,176.15,120,True,False,3.3
WO-00154,2025-05-19 10:46:00,2025-05-19 14:18:00,Lobby,HVAC,Thermostat fault,Corrective,Medium,Day,ENG-02,12,False,False,47,165,3.53,2.75,522.91,105.88,628.79,120,True,False,
WO-00113,2025-05-19 12:52:00,2025-05-19 14:41:00,Exterior,Electrical,Lighting outage,Corrective,High,Day,ENG-03,11,True,False,15,94,1.82,1.57,25.74,60.45,86.19,30,True,False,4.4
WO-00796,2025-05-19 16:20:00,2025-05-19 18:07:00,Meeting Space,General Maintenance,Furniture repair,Corrective,Medium,Evening,ENG-07,13,False,False,71,36,1.78,0.6,2.24,23.1,25.34,120,True,False,
WO-00696,2025-05-19 17:07:00,2025-05-19 19:41:00,Laundry,Plumbing,No hot water,Corrective,Medium,Evening,ENG-07,7,True,False,46,108,2.57,1.8,47.66,69.3,116.96,120,True,False,4.3
WO-00650,2025-05-19 17:38:00,2025-05-19 18:57:00,Guest Room,Electrical,Lighting outage,Corrective,Emergency,Evening,ENG-05,6,False,False,10,69,1.32,1.15,88.48,44.27,132.75,15,True,False,
WO-00522,2025-05-20 16:35:00,2025-05-20 18:26:00,Guest Room,Plumbing,Fixture leak,Corrective,High,Evening,ENG-05,9,True,True,31,80,1.85,1.33,41.16,51.21,92.37,30,False,False,3.6
WO-00965,2025-05-20 21:20:00,2025-05-21 01:16:00,Kitchen,Refrigeration,Door seal failure,Corrective,Low,Evening,ENG-05,7,False,False,157,79,3.93,1.32,153.7,50.82,204.52,240,True,False,
WO-00846,2025-05-21 06:03:00,2025-05-21 09:56:00,Lobby,HVAC,Filter replacement,Corrective,Medium,Overnight,ENG-08,4,True,False,123,110,3.88,1.83,144.74,70.45,215.19,120,False,False,3.2
WO-01166,2025-05-21 16:41:00,2025-05-21 18:56:00,Guest Room,Plumbing,Low water pressure,Corrective,Medium,Evening,ENG-07,6,True,False,71,64,2.25,1.07,168.79,41.2,209.99,120,True,False,4.6
WO-00854,2025-05-21 18:15:00,2025-05-21 21:13:00,Mechanical Room,Life Safety,Panel communication fault,Preventive,Medium,Evening,ENG-05,6,False,False,114,64,2.97,1.07,14.39,41.2,55.59,120,True,False,
WO-00357,2025-05-21 19:21:00,2025-05-21 22:13:00,Mechanical Room,HVAC,Thermostat fault,Preventive,Low,Evening,ENG-06,9,True,False,112,60,2.87,1.0,96.12,38.5,134.62,240,True,False,4.3
WO-01052,2025-05-21 23:44:00,2025-05-22 02:53:00,Guest Room,Plumbing,Fixture leak,Corrective,Medium,Overnight,ENG-08,13,True,False,90,99,3.15,1.65,56.6,63.52,120.12,120,True,False,4.0
WO-00623,2025-05-22 14:51:00,2025-05-22 16:51:00,Kitchen,Refrigeration,Ice buildup,Corrective,High,Day,ENG-03,9,False,False,13,107,2.0,1.78,109.63,68.53,178.16,30,True,True,
WO-00307,2025-05-23 01:00:00,2025-05-23 04:50:00,Guest Room,Plumbing,Preventive inspection,Preventive,Low,Overnight,ENG-08,7,True,False,185,45,3.83,0.75,36.47,28.88,65.35,240,True,False,3.9
WO-00988,2025-05-23 07:03:00,2025-05-23 09:04:00,Guest Room,Life Safety,Panel communication fault,Preventive,Medium,Day,ENG-01,14,True,False,39,82,2.02,1.37,49.4,52.75,102.15,120,True,False,4.6
WO-00716,2025-05-23 07:47:00,2025-05-23 10:38:00,Guest Room,Life Safety,Emergency light failure,Corrective,Medium,Day,ENG-01,1,True,False,102,69,2.85,1.15,20.32,44.27,64.59,120,True,False,4.7
WO-00214,2025-05-24 08:44:00,2025-05-24 10:51:00,Meeting Space,HVAC,Thermostat fault,Preventive,Medium,Day,ENG-03,10,False,False,44,83,2.12,1.38,3.89,53.13,57.02,120,True,False,
WO-00604,2025-05-24 12:05:00,2025-05-24 15:09:00,Mechanical Room,HVAC,Thermostat fault,Corrective,Emergency,Day,ENG-04,8,False,False,11,173,3.07,2.88,103.09,110.88,213.97,15,True,False,
WO-00764,2025-05-24 20:57:00,2025-05-24 22:37:00,Laundry,Plumbing,No hot water,Corrective,High,Evening,ENG-05,1,False,False,33,67,1.67,1.12,96.24,43.12,139.36,30,False,True,
WO-00608,2025-05-25 07:50:00,2025-05-25 09:37:00,Meeting Space,HVAC,Thermostat fault,Preventive,Medium,Day,ENG-04,11,False,False,56,51,1.78,0.85,10.28,32.73,43.01,120,True,False,
WO-00792,2025-05-25 14:06:00,2025-05-25 16:21:00,Mechanical Room,Refrigeration,Ice buildup,Corrective,High,Day,ENG-03,5,True,False,15,120,2.25,2.0,652.46,77.0,729.46,30,True,False,4.5
WO-00900,2025-05-25 16:01:00,2025-05-25 19:41:00,Guest Room,HVAC,Room not cooling,Corrective,Medium,Evening,ENG-07,11,True,False,59,161,3.67,2.68,83.88,103.18,187.06,120,True,True,4.0
WO-00593,2025-05-26 12:00:00,2025-05-26 13:31:00,Laundry,Plumbing,Low water pressure,Corrective,High,Day,ENG-01,4,True,False,11,80,1.52,1.33,116.23,51.21,167.44,30,True,False,4.4
WO-00869,2025-05-26 12:07:00,2025-05-26 15:31:00,Guest Room,HVAC,Filter replacement,Corrective,High,Day,ENG-02,10,False,False,13,191,3.4,3.18,131.47,122.43,253.9,30,True,False,
WO-00232,2025-05-26 20:32:00,2025-05-26 22:06:00,Guest Room,Plumbing,Preventive inspection,Corrective,Medium,Evening,ENG-06,3,False,False,64,30,1.57,0.5,36.14,19.25,55.39,120,True,True,
WO-00499,2025-05-26 21:59:00,2025-05-27 00:18:00,Mechanical Room,Life Safety,Alarm device fault,Corrective,High,Evening,ENG-06,12,False,False,30,109,2.32,1.82,281.01,70.07,351.08,30,True,False,
WO-00601,2025-05-27 07:00:00,2025-05-27 08:43:00,Guest Room,Plumbing,Preventive inspection,Corrective,Medium,Day,ENG-01,6,True,False,29,74,1.72,1.23,57.36,47.35,104.71,120,True,False,4.6
WO-00698,2025-05-27 20:27:00,2025-05-28 00:05:00,Lobby,Life Safety,Emergency light failure,Corrective,Medium,Evening,ENG-06,5,True,False,108,110,3.63,1.83,54.86,70.45,125.31,120,True,False,4.0
WO-01190,2025-05-27 20:31:00,2025-05-27 22:08:00,Guest Room,Electrical,Control panel fault,Corrective,Medium,Evening,ENG-07,3,True,False,40,57,1.62,0.95,266.55,36.57,303.12,120,True,False,5.0
WO-00881,2025-05-28 11:11:00,2025-05-28 14:01:00,Meeting Space,General Maintenance,Door hardware,Corrective,Low,Day,ENG-04,4,False,False,136,34,2.83,0.57,30.83,21.94,52.77,240,True,False,
WO-00091,2025-05-28 16:16:00,2025-05-28 18:39:00,Guest Room,Life Safety,Alarm device fault,Preventive,Medium,Evening,ENG-07,15,False,False,71,72,2.38,1.2,131.19,46.2,177.39,120,True,False,
WO-00838,2025-05-28 17:41:00,2025-05-28 22:02:00,Meeting Space,Electrical,Control panel fault,Corrective,Low,Evening,ENG-07,5,False,False,185,76,4.35,1.27,130.33,48.9,179.23,240,True,False,
WO-00770,2025-05-28 18:14:00,2025-05-28 22:12:00,Meeting Space,Electrical,Outlet failure,Corrective,Low,Evening,ENG-05,6,False,False,168,70,3.97,1.17,185.2,45.04,230.24,240,True,False,
WO-01180,2025-05-28 18:50:00,2025-05-28 21:52:00,Mechanical Room,Refrigeration,Temperature above range,Corrective,High,Evening,ENG-07,3,False,False,21,161,3.03,2.68,29.27,103.18,132.45,30,True,False,
WO-00105,2025-05-28 19:22:00,2025-05-28 21:11:00,Guest Room,General Maintenance,Furniture repair,Corrective,High,Evening,ENG-07,7,True,True,39,70,1.82,1.17,24.86,45.04,69.9,30,False,False,3.6
WO-01164,2025-05-28 19:36:00,2025-05-29 02:36:00,Laundry,Plumbing,Preventive inspection,Preventive,Low,Evening,ENG-07,9,False,False,369,51,7.0,0.85,34.97,32.73,67.7,240,False,False,
WO-00972,2025-05-29 00:23:00,2025-05-29 04:01:00,Guest Room,Plumbing,Preventive inspection,Corrective,Low,Overnight,ENG-08,8,True,False,159,59,3.63,0.98,47.2,37.73,84.93,240,True,False,4.1
WO-00047,2025-05-29 08:25:00,2025-05-29 09:29:00,Guest Room,General Maintenance,Wall or ceiling damage,Corrective,Emergency,Day,ENG-02,5,True,False,18,46,1.07,0.77,41.1,29.64,70.74,15,False,False,3.9
WO-00661,2025-05-29 11:46:00,2025-05-29 13:57:00,Kitchen,Plumbing,No hot water,Corrective,High,Day,ENG-01,14,False,False,17,114,2.18,1.9,38.21,73.15,111.36,30,True,False,
WO-00234,2025-05-29 14:13:00,2025-05-29 17:38:00,Laundry,Plumbing,Fixture leak,Corrective,Medium,Day,ENG-03,8,False,False,101,104,3.42,1.73,62.33,66.61,128.94,120,True,False,
WO-00864,2025-05-30 10:07:00,2025-05-30 14:24:00,Guest Room,HVAC,Filter replacement,Corrective,Low,Day,ENG-04,7,True,False,127,130,4.28,2.17,175.99,83.55,259.54,240,True,True,4.3
WO-00461,2025-05-30 11:58:00,2025-05-30 16:43:00,Kitchen,Refrigeration,Compressor fault,Preventive,Medium,Day,ENG-04,16,False,False,146,139,4.75,2.32,48.18,89.32,137.5,120,False,False,
WO-01029,2025-05-30 14:29:00,2025-05-30 16:02:00,Guest Room,General Maintenance,Preventive inspection,Preventive,Medium,Day,ENG-02,1,True,False,50,43,1.55,0.72,24.87,27.72,52.59,120,True,False,4.6
WO-01009,2025-05-31 00:55:00,2025-05-31 04:57:00,Lobby,HVAC,Condensate leak,Corrective,High,Overnight,ENG-08,6,False,False,25,217,4.03,3.62,142.96,139.37,282.33,30,True,False,
WO-00494,2025-05-31 11:54:00,2025-05-31 13:53:00,Mechanical Room,Plumbing,Fixture leak,Corrective,High,Day,ENG-04,4,False,False,24,95,1.98,1.58,38.03,60.83,98.86,30,True,False,
WO-00098,2025-05-31 18:54:00,2025-05-31 21:07:00,Meeting Space,General Maintenance,Preventive inspection,Preventive,Low,Evening,ENG-05,6,False,False,109,24,2.22,0.4,19.97,15.4,35.37,240,True,False,
WO-00375,2025-05-31 22:47:00,2025-06-01 02:26:00,Guest Room,HVAC,Thermostat fault,Corrective,Low,Evening,ENG-07,12,False,False,150,69,3.65,1.15,105.57,44.27,149.84,240,True,False,
WO-00926,2025-06-01 01:34:00,2025-06-01 04:52:00,Mechanical Room,HVAC,Condensate leak,Corrective,High,Overnight,ENG-09,4,False,False,29,169,3.3,2.82,188.88,108.57,297.45,30,True,False,
WO-00190,2025-06-01 05:46:00,2025-06-01 08:42:00,Mechanical Room,Plumbing,No hot water,Corrective,High,Overnight,ENG-09,4,True,False,26,150,2.93,2.5,11.52,96.25,107.77,30,True,False,4.7
WO-00534,2025-06-01 06:29:00,2025-06-01 09:25:00,Mechanical Room,Life Safety,Sprinkler inspection,Corrective,Medium,Overnight,ENG-09,12,True,False,74,102,2.93,1.7,13.41,65.45,78.86,120,True,False,4.2
WO-01143,2025-06-01 12:32:00,2025-06-01 13:39:00,Laundry,Plumbing,Preventive inspection,Preventive,High,Day,ENG-03,11,False,False,28,39,1.12,0.65,101.23,25.03,126.26,30,True,False,
WO-00280,2025-06-01 15:28:00,2025-06-01 17:46:00,Guest Room,Life Safety,Exit sign failure,Corrective,Medium,Evening,ENG-07,15,True,False,76,62,2.3,1.03,183.66,39.66,223.32,120,True,False,5.0
WO-00831,2025-06-02 01:16:00,2025-06-02 03:32:00,Guest Room,Plumbing,Preventive inspection,Preventive,Medium,Overnight,ENG-08,6,True,False,86,50,2.27,0.83,2.82,31.95,34.77,120,True,False,4.6
WO-01113,2025-06-02 10:51:00,2025-06-02 13:05:00,Lobby,Electrical,Preventive inspection,Corrective,Medium,Day,ENG-03,3,False,False,61,73,2.23,1.22,167.84,46.97,214.81,120,True,False,
WO-00652,2025-06-03 07:49:00,2025-06-03 11:11:00,Laundry,Refrigeration,Door seal failure,Corrective,Medium,Day,ENG-02,12,False,False,78,124,3.37,2.07,360.91,79.69,440.6,120,True,True,
WO-00597,2025-06-03 19:06:00,2025-06-03 21:29:00,Meeting Space,Life Safety,Sprinkler inspection,Preventive,Medium,Evening,ENG-06,1,False,False,47,96,2.38,1.6,61.89,61.6,123.49,120,True,False,
WO-00548,2025-06-04 10:17:00,2025-06-04 12:12:00,Guest Room,HVAC,Filter replacement,Corrective,Emergency,Day,ENG-03,8,False,False,6,109,1.92,1.82,40.42,70.07,110.49,15,True,False,
WO-01160,2025-06-04 10:22:00,2025-06-04 14:22:00,Mechanical Room,Refrigeration,Temperature above range,Corrective,Medium,Day,ENG-03,12,False,False,104,136,4.0,2.27,51.61,87.39,139.0,120,True,False,
WO-00169,2025-06-04 11:46:00,2025-06-04 14:56:00,Guest Room,HVAC,Fan motor failure,Corrective,Medium,Day,ENG-03,12,True,False,93,97,3.17,1.62,97.73,62.37,160.1,120,True,False,4.2
WO-01137,2025-06-04 22:07:00,2025-06-05 00:53:00,Lobby,Life Safety,Panel communication fault,Corrective,Medium,Evening,ENG-06,4,True,False,59,107,2.77,1.78,165.3,68.53,233.83,120,True,False,4.2
WO-00524,2025-06-05 08:05:00,2025-06-05 09:17:00,Guest Room,General Maintenance,Door hardware,Corrective,Emergency,Day,ENG-04,10,True,True,10,62,1.2,1.03,36.29,39.66,75.95,15,True,False,4.4
WO-00442,2025-06-06 11:39:00,2025-06-06 15:31:00,Mechanical Room,HVAC,Room not cooling,Preventive,Low,Day,ENG-03,8,False,False,192,40,3.87,0.67,30.13,25.8,55.93,240,True,False,
WO-00922,2025-06-06 15:31:00,2025-06-06 17:15:00,Guest Room,Plumbing,Fixture leak,Corrective,Medium,Evening,ENG-07,12,True,False,55,49,1.73,0.82,117.49,31.57,149.06,120,True,False,4.7
WO-00626,2025-06-06 15:39:00,2025-06-06 17:36:00,Lobby,General Maintenance,Preventive inspection,Preventive,Low,Evening,ENG-07,4,False,False,82,35,1.95,0.58,8.86,22.33,31.19,240,True,False,
WO-00393,2025-06-06 18:16:00,2025-06-06 20:45:00,Meeting Space,Electrical,Breaker trip,Corrective,Medium,Evening,ENG-06,1,False,False,68,81,2.48,1.35,70.27,51.98,122.25,120,True,True,
WO-00832,2025-06-06 21:04:00,2025-06-06 23:56:00,Guest Room,Electrical,Preventive inspection,Preventive,Low,Evening,ENG-05,10,True,False,137,35,2.87,0.58,10.2,22.33,32.53,240,True,False,4.1
WO-00874,2025-06-06 21:33:00,2025-06-06 23:02:00,Guest Room,HVAC,Fan motor failure,Corrective,High,Evening,ENG-06,7,False,False,26,63,1.48,1.05,65.75,40.43,106.18,30,True,True,
WO-00465,2025-06-07 05:50:00,2025-06-07 08:39:00,Guest Room,HVAC,Filter replacement,Corrective,High,Overnight,ENG-09,2,True,False,25,144,2.82,2.4,198.24,92.4,290.64,30,True,False,4.8
WO-00035,2025-06-07 06:13:00,2025-06-07 09:12:00,Guest Room,Plumbing,Fixture leak,Corrective,Low,Overnight,ENG-09,3,True,False,114,65,2.98,1.08,73.84,41.58,115.42,240,True,False,4.4
WO-00159,2025-06-07 18:50:00,2025-06-07 21:40:00,Mechanical Room,Life Safety,Sprinkler inspection,Corrective,Medium,Evening,ENG-05,1,False,False,80,90,2.83,1.5,74.81,57.75,132.56,120,True,False,
WO-00165,2025-06-08 12:29:00,2025-06-08 16:21:00,Lobby,Life Safety,Emergency light failure,Corrective,Medium,Day,ENG-04,12,False,False,85,147,3.87,2.45,157.78,94.33,252.11,120,True,False,
WO-00627,2025-06-08 20:05:00,2025-06-08 22:43:00,Mechanical Room,Plumbing,Drain blockage,Corrective,Medium,Evening,ENG-07,15,False,False,32,126,2.63,2.1,103.95,80.85,184.8,120,True,False,
WO-01099,2025-06-08 23:33:00,2025-06-09 02:14:00,Guest Room,Life Safety,Emergency light failure,Corrective,Medium,Overnight,ENG-09,11,True,False,72,89,2.68,1.48,245.38,56.98,302.36,120,True,False,4.4
WO-00794,2025-06-10 13:42:00,2025-06-10 18:20:00,Kitchen,General Maintenance,Preventive inspection,Preventive,Low,Day,ENG-01,8,False,False,251,27,4.63,0.45,27.84,17.32,45.16,240,False,False,
WO-00151,2025-06-10 14:38:00,2025-06-10 16:24:00,Lobby,Plumbing,Preventive inspection,Preventive,Medium,Day,ENG-04,14,False,False,39,67,1.77,1.12,27.49,43.12,70.61,120,True,True,
WO-00674,2025-06-10 15:51:00,2025-06-10 17:48:00,Guest Room,HVAC,Thermostat fault,Corrective,Medium,Evening,ENG-06,12,True,False,31,86,1.95,1.43,92.29,55.05,147.34,120,True,False,4.8
WO-00334,2025-06-10 18:42:00,2025-06-10 20:30:00,Lobby,General Maintenance,Preventive inspection,Preventive,Medium,Evening,ENG-07,10,False,False,83,25,1.8,0.42,8.46,16.17,24.63,120,True,False,
WO-00023,2025-06-11 01:18:00,2025-06-11 02:39:00,Kitchen,Plumbing,No hot water,Corrective,High,Overnight,ENG-08,9,False,False,22,59,1.35,0.98,103.41,37.73,141.14,30,True,False,
WO-00084,2025-06-11 14:30:00,2025-06-11 18:24:00,Guest Room,General Maintenance,Preventive inspection,Preventive,Low,Day,ENG-01,1,False,False,217,17,3.9,0.28,2.69,10.78,13.47,240,True,False,
WO-01165,2025-06-11 17:07:00,2025-06-11 21:36:00,Guest Room,HVAC,Condensate leak,Corrective,Medium,Evening,ENG-06,9,False,False,62,207,4.48,3.45,241.37,132.83,374.2,120,True,False,
WO-00451,2025-06-11 17:12:00,2025-06-11 19:30:00,Kitchen,HVAC,Room not cooling,Corrective,Medium,Evening,ENG-06,5,True,False,62,76,2.3,1.27,124.42,48.9,173.32,120,True,False,4.9
WO-01039,2025-06-11 17:14:00,2025-06-11 20:08:00,Guest Room,HVAC,Room not cooling,Corrective,Medium,Evening,ENG-06,1,True,False,77,97,2.9,1.62,156.71,62.37,219.08,120,True,False,4.8
WO-00581,2025-06-11 20:40:00,2025-06-11 22:50:00,Guest Room,HVAC,Condensate leak,Preventive,Low,Evening,ENG-06,6,True,False,76,54,2.17,0.9,59.2,34.65,93.85,240,True,False,4.1
WO-00462,2025-06-12 10:38:00,2025-06-12 12:53:00,Meeting Space,Electrical,Lighting outage,Corrective,Medium,Day,ENG-01,7,False,False,23,112,2.25,1.87,78.06,72.0,150.06,120,True,False,
WO-00691,2025-06-12 22:17:00,2025-06-12 23:20:00,Kitchen,General Maintenance,Preventive inspection,Corrective,Emergency,Evening,ENG-05,5,True,False,11,52,1.05,0.87,55.32,33.49,88.81,15,True,False,4.9
WO-00363,2025-06-13 06:46:00,2025-06-13 08:30:00,Guest Room,Plumbing,Preventive inspection,Corrective,Emergency,Overnight,ENG-09,5,True,False,8,96,1.73,1.6,62.16,61.6,123.76,15,True,False,4.4
WO-00996,2025-06-13 10:28:00,2025-06-13 13:07:00,Kitchen,HVAC,Fan motor failure,Corrective,Medium,Day,ENG-02,12,False,False,31,128,2.65,2.13,58.51,82.0,140.51,120,True,False,
WO-00684,2025-06-13 12:31:00,2025-06-13 14:52:00,Meeting Space,General Maintenance,Preventive inspection,Preventive,Medium,Day,ENG-01,2,False,False,100,41,2.35,0.68,7.85,26.18,34.03,120,True,False,
WO-00377,2025-06-13 15:49:00,2025-06-13 20:12:00,Guest Room,Electrical,Preventive inspection,Preventive,Low,Evening,ENG-05,4,True,False,212,51,4.38,0.85,38.56,32.73,71.29,240,True,False,4.9
WO-00336,2025-06-13 18:08:00,2025-06-14 00:56:00,Guest Room,Plumbing,Preventive inspection,Preventive,Low,Evening,ENG-06,10,False,False,352,56,6.8,0.93,13.02,35.8,48.82,240,False,False,
WO-00795,2025-06-13 19:00:00,2025-06-14 01:26:00,Meeting Space,HVAC,Condensate leak,Corrective,Low,Evening,ENG-06,7,False,False,260,126,6.43,2.1,36.28,80.85,117.13,240,False,True,
WO-00804,2025-06-13 19:12:00,2025-06-13 21:57:00,Kitchen,Electrical,Lighting outage,Corrective,Emergency,Evening,ENG-07,7,False,False,10,155,2.75,2.58,362.95,99.33,462.28,15,True,False,
WO-00145,2025-06-13 19:43:00,2025-06-13 22:47:00,Guest Room,HVAC,Thermostat fault,Corrective,Medium,Evening,ENG-07,9,True,False,48,136,3.07,2.27,69.74,87.39,157.13,120,True,False,4.4
WO-00148,2025-06-13 23:14:00,2025-06-14 00:53:00,Lobby,HVAC,Filter replacement,Preventive,Medium,Overnight,ENG-09,11,True,False,52,47,1.65,0.78,161.72,30.03,191.75,120,True,False,4.4
WO-00189,2025-06-14 18:42:00,2025-06-14 23:16:00,Kitchen,Refrigeration,Coil cleaning,Corrective,High,Evening,ENG-07,1,False,False,21,253,4.57,4.22,155.39,162.47,317.86,30,True,False,
WO-01097,2025-06-14 21:00:00,2025-06-14 22:03:00,Kitchen,General Maintenance,Signage repair,Corrective,High,Evening,ENG-05,6,False,False,23,40,1.05,0.67,4.87,25.8,30.67,30,True,False,
WO-00647,2025-06-15 09:41:00,2025-06-15 11:45:00,Exterior,Life Safety,Emergency light failure,Corrective,High,Day,ENG-03,8,False,False,20,104,2.07,1.73,184.99,66.61,251.6,30,True,False,
WO-01193,2025-06-16 08:15:00,2025-06-16 12:27:00,Meeting Space,HVAC,Condensate leak,Corrective,Low,Day,ENG-04,10,True,False,100,152,4.2,2.53,427.45,97.4,524.85,240,True,False,4.4
WO-00123,2025-06-16 09:31:00,2025-06-16 13:40:00,Kitchen,Plumbing,Preventive inspection,Corrective,Low,Day,ENG-04,13,False,False,145,104,4.15,1.73,25.86,66.61,92.47,240,True,False,
WO-01161,2025-06-16 13:19:00,2025-06-16 15:12:00,Guest Room,Plumbing,Preventive inspection,Preventive,Medium,Day,ENG-01,8,True,False,53,60,1.88,1.0,19.77,38.5,58.27,120,True,False,4.1
WO-00051,2025-06-16 13:49:00,2025-06-16 16:27:00,Guest Room,Plumbing,Preventive inspection,Preventive,Low,Day,ENG-02,8,True,False,110,48,2.63,0.8,14.84,30.8,45.64,240,True,False,4.5
WO-00561,2025-06-16 13:50:00,2025-06-16 15:16:00,Guest Room,HVAC,Room not cooling,Corrective,High,Day,ENG-02,4,True,False,22,64,1.43,1.07,304.8,41.2,346.0,30,True,False,4.6
WO-00390,2025-06-17 08:10:00,2025-06-17 10:52:00,Guest Room,Plumbing,Drain blockage,Corrective,Medium,Day,ENG-04,9,True,False,48,114,2.7,1.9,47.94,73.15,121.09,120,True,False,4.1
WO-00771,2025-06-17 19:51:00,2025-06-17 23:39:00,Mechanical Room,HVAC,Fan motor failure,Corrective,Medium,Evening,ENG-07,19,False,False,65,163,3.8,2.72,229.75,104.72,334.47,120,True,True,
WO-00793,2025-06-18 08:22:00,2025-06-18 11:15:00,Guest Room,Plumbing,Preventive inspection,Preventive,Low,Day,ENG-04,4,True,False,130,43,2.88,0.72,86.99,27.72,114.71,240,True,False,4.4
WO-00184,2025-06-19 07:32:00,2025-06-19 09:30:00,Guest Room,Plumbing,Preventive inspection,Corrective,Emergency,Day,ENG-03,1,True,True,10,108,1.97,1.8,41.39,69.3,110.69,15,True,True,4.6
WO-00273,2025-06-19 08:11:00,2025-06-19 10:03:00,Kitchen,Refrigeration,Coil cleaning,Preventive,Medium,Day,ENG-03,10,False,False,39,73,1.87,1.22,149.04,46.97,196.01,120,True,False,
WO-00787,2025-06-19 08:25:00,2025-06-19 11:25:00,Guest Room,Plumbing,Low water pressure,Corrective,Emergency,Day,ENG-04,1,True,False,7,173,3.0,2.88,91.09,110.88,201.97,15,True,False,4.8
WO-00450,2025-06-19 12:07:00,2025-06-19 13:53:00,Guest Room,General Maintenance,Door hardware,Corrective,High,Day,ENG-03,12,True,True,12,94,1.77,1.57,17.98,60.45,78.43,30,True,False,5.0
WO-00632,2025-06-20 04:24:00,2025-06-20 11:04:00,Meeting Space,Electrical,Preventive inspection,Preventive,Low,Overnight,ENG-09,8,False,False,348,52,6.67,0.87,80.19,33.49,113.68,240,False,False,
WO-00060,2025-06-20 06:31:00,2025-06-20 09:53:00,Mechanical Room,HVAC,Condensate leak,Corrective,High,Overnight,ENG-09,5,False,False,29,173,3.37,2.88,130.63,110.88,241.51,30,True,False,
WO-00863,2025-06-20 10:39:00,2025-06-20 12:11:00,Guest Room,HVAC,Thermostat fault,Corrective,Emergency,Day,ENG-04,12,True,False,5,87,1.53,1.45,106.9,55.82,162.72,15,True,False,4.4
WO-00073,2025-06-20 22:49:00,2025-06-21 01:28:00,Guest Room,HVAC,Thermostat fault,Corrective,High,Evening,ENG-06,6,True,True,25,134,2.65,2.23,461.02,85.86,546.88,30,True,False,4.3
WO-00020,2025-06-21 01:25:00,2025-06-21 04:17:00,Guest Room,Electrical,Breaker trip,Corrective,Medium,Overnight,ENG-08,10,False,False,84,88,2.87,1.47,92.72,56.59,149.31,120,True,False,
WO-00041,2025-06-21 09:44:00,2025-06-21 11:08:00,Guest Room,HVAC,Filter replacement,Corrective,High,Day,ENG-01,5,False,False,18,66,1.4,1.1,151.33,42.35,193.68,30,True,False,
WO-00956,2025-06-21 11:15:00,2025-06-21 14:09:00,Mechanical Room,HVAC,Room not cooling,Corrective,Medium,Day,ENG-03,1,False,False,91,83,2.9,1.38,89.48,53.13,142.61,120,True,False,
WO-00004,2025-06-21 12:58:00,2025-06-21 16:51:00,Lobby,General Maintenance,Preventive inspection,Preventive,Low,Day,ENG-02,7,True,False,197,36,3.88,0.6,23.95,23.1,47.05,240,True,False,4.2
WO-00072,2025-06-21 19:19:00,2025-06-21 23:15:00,Guest Room,Electrical,Preventive inspection,Preventive,Low,Evening,ENG-06,1,False,False,202,34,3.93,0.57,19.95,21.94,41.89,240,True,False,
WO-01159,2025-06-21 22:17:00,2025-06-21 23:52:00,Meeting Space,General Maintenance,Preventive inspection,Preventive,Medium,Evening,ENG-07,14,False,False,62,33,1.58,0.55,15.47,21.18,36.65,120,True,False,
WO-00128,2025-06-21 23:02:00,2025-06-22 01:58:00,Guest Room,Electrical,Breaker trip,Corrective,Medium,Overnight,ENG-09,7,True,False,100,76,2.93,1.27,150.89,48.9,199.79,120,True,False,4.8
WO-00629,2025-06-22 07:42:00,2025-06-22 09:19:00,Guest Room,Plumbing,Low water pressure,Corrective,Emergency,Day,ENG-04,3,True,False,15,82,1.62,1.37,96.02,52.75,148.77,15,True,False,4.8
WO-00328,2025-06-22 14:43:00,2025-06-22 16:17:00,Mechanical Room,HVAC,Room not cooling,Corrective,High,Day,ENG-01,7,False,False,30,64,1.57,1.07,52.04,41.2,93.24,30,True,False,
WO-00117,2025-06-22 18:04:00,2025-06-22 20:32:00,Guest Room,Plumbing,Drain blockage,Corrective,Medium,Evening,ENG-07,15,True,False,39,109,2.47,1.82,79.24,70.07,149.31,120,True,False,4.3
WO-00786,2025-06-23 00:24:00,2025-06-23 03:16:00,Guest Room,Electrical,Outlet failure,Corrective,Medium,Overnight,ENG-09,1,True,False,117,55,2.87,0.92,1.61,35.42,37.03,120,True,False,3.9
WO-00230,2025-06-23 01:27:00,2025-06-23 03:05:00,Guest Room,General Maintenance,Wall or ceiling damage,Corrective,Medium,Overnight,ENG-09,6,False,False,66,32,1.63,0.53,14.57,20.41,34.98,120,True,False,
WO-00038,2025-06-23 16:03:00,2025-06-23 18:49:00,Guest Room,HVAC,Fan motor failure,Corrective,Emergency,Evening,ENG-06,6,True,True,10,156,2.77,2.6,72.22,100.1,172.32,15,True,False,3.9
WO-01098,2025-06-23 18:21:00,2025-06-23 19:50:00,Kitchen,General Maintenance,Wall or ceiling damage,Corrective,Medium,Evening,ENG-07,7,True,False,50,39,1.48,0.65,40.48,25.03,65.51,120,True,False,4.7
WO-01128,2025-06-23 23:56:00,2025-06-24 02:27:00,Guest Room,Plumbing,Fixture leak,Corrective,Medium,Overnight,ENG-08,10,True,False,40,111,2.52,1.85,15.57,71.23,86.8,120,True,False,4.2
WO-01032,2025-06-24 11:44:00,2025-06-24 14:32:00,Guest Room,HVAC,Fan motor failure,Corrective,Low,Day,ENG-02,5,False,False,80,88,2.8,1.47,302.62,56.59,359.21,240,True,False,
WO-00760,2025-06-24 17:06:00,2025-06-24 19:23:00,Kitchen,General Maintenance,Preventive inspection,Corrective,Medium,Evening,ENG-05,5,False,False,79,58,2.28,0.97,11.14,37.34,48.48,120,True,False,
WO-00755,2025-06-24 18:04:00,2025-06-24 19:57:00,Mechanical Room,Life Safety,Exit sign failure,Corrective,High,Evening,ENG-06,7,False,False,20,93,1.88,1.55,74.89,59.68,134.57,30,True,False,
WO-00877,2025-06-24 19:42:00,2025-06-24 21:40:00,Meeting Space,Life Safety,Exit sign failure,Corrective,High,Evening,ENG-06,1,False,False,27,91,1.97,1.52,359.58,58.52,418.1,30,True,False,
WO-00095,2025-06-24 21:33:00,2025-06-24 23:46:00,Guest Room,HVAC,Filter replacement,Corrective,High,Evening,ENG-05,20,True,False,26,107,2.22,1.78,187.56,68.53,256.09,30,True,False,4.0
WO-01140,2025-06-25 16:35:00,2025-06-25 19:10:00,Kitchen,Plumbing,Preventive inspection,Preventive,Medium,Evening,ENG-07,14,True,False,60,95,2.58,1.58,33.22,60.83,94.05,120,True,False,4.7
WO-00299,2025-06-26 07:02:00,2025-06-26 08:58:00,Guest Room,Electrical,Outlet failure,Corrective,Emergency,Day,ENG-02,10,True,True,7,109,1.93,1.82,108.92,70.07,178.99,15,True,False,4.3
WO-00678,2025-06-26 07:24:00,2025-06-26 10:59:00,Guest Room,HVAC,Thermostat fault,Corrective,Medium,Day,ENG-04,6,False,False,60,155,3.58,2.58,111.72,99.33,211.05,120,True,False,
WO-00305,2025-06-26 08:41:00,2025-06-26 11:32:00,Lobby,General Maintenance,Door hardware,Corrective,Low,Day,ENG-03,3,False,False,120,51,2.85,0.85,33.91,32.73,66.64,240,True,False,
WO-00606,2025-06-26 15:11:00,2025-06-26 17:46:00,Mechanical Room,HVAC,Condensate leak,Corrective,High,Evening,ENG-06,5,False,False,41,114,2.58,1.9,93.16,73.15,166.31,30,False,True,
WO-00734,2025-06-27 18:36:00,2025-06-27 21:20:00,Lobby,Life Safety,Exit sign failure,Preventive,Low,Evening,ENG-07,1,False,False,110,54,2.73,0.9,23.9,34.65,58.55,240,True,False,
WO-00559,2025-06-28 00:35:00,2025-06-28 04:26:00,Mechanical Room,Refrigeration,Temperature above range,Corrective,Medium,Overnight,ENG-09,10,False,False,126,105,3.85,1.75,246.86,67.38,314.24,120,False,True,
WO-00180,2025-06-28 15:29:00,2025-06-28 16:59:00,Lobby,Electrical,Control panel fault,Corrective,Medium,Evening,ENG-06,11,True,False,28,62,1.5,1.03,72.38,39.66,112.04,120,True,False,4.3
WO-01196,2025-06-29 06:23:00,2025-06-29 09:46:00,Guest Room,Plumbing,Preventive inspection,Preventive,Low,Overnight,ENG-08,7,True,False,156,47,3.38,0.78,53.34,30.03,83.37,240,True,False,4.6
WO-00700,2025-06-29 09:10:00,2025-06-29 11:22:00,Kitchen,Refrigeration,Door seal failure,Corrective,Medium,Day,ENG-02,3,False,False,35,97,2.2,1.62,17.64,62.37,80.01,120,True,False,
WO-00402,2025-06-30 15:17:00,2025-06-30 18:58:00,Guest Room,HVAC,Condensate leak,Corrective,Medium,Evening,ENG-07,15,False,False,80,141,3.68,2.35,93.35,90.48,183.83,120,True,False,
WO-00712,2025-07-01 02:19:00,2025-07-01 03:24:00,Guest Room,General Maintenance,Door hardware,Corrective,Emergency,Overnight,ENG-08,7,True,False,8,57,1.08,0.95,52.78,36.57,89.35,15,True,False,4.3
WO-00894,2025-07-01 08:00:00,2025-07-01 09:27:00,Kitchen,General Maintenance,Signage repair,Corrective,Medium,Day,ENG-02,10,False,False,52,35,1.45,0.58,66.39,22.33,88.72,120,True,False,
WO-00427,2025-07-01 08:19:00,2025-07-01 12:28:00,Lobby,Plumbing,Low water pressure,Corrective,Low,Day,ENG-04,4,False,False,127,122,4.15,2.03,141.44,78.15,219.59,240,True,False,
WO-00438,2025-07-01 08:59:00,2025-07-01 11:35:00,Lobby,Electrical,Breaker trip,Corrective,Medium,Day,ENG-03,9,False,False,70,86,2.6,1.43,77.03,55.05,132.08,120,True,False,
WO-00845,2025-07-01 09:24:00,2025-07-01 11:04:00,Exterior,Electrical,Lighting outage,Corrective,High,Day,ENG-03,1,False,False,29,71,1.67,1.18,74.53,45.43,119.96,30,True,False,
WO-01124,2025-07-01 16:31:00,2025-07-01 20:55:00,Exterior,General Maintenance,Wall or ceiling damage,Corrective,Low,Evening,ENG-07,1,False,False,208,56,4.4,0.93,69.72,35.8,105.52,240,True,False,
WO-00752,2025-07-01 18:13:00,2025-07-01 21:54:00,Mechanical Room,HVAC,Fan motor failure,Corrective,High,Evening,ENG-05,11,False,False,11,210,3.68,3.5,194.44,134.75,329.19,30,True,True,
WO-00006,2025-07-01 23:51:00,2025-07-02 01:27:00,Kitchen,General Maintenance,Signage repair,Corrective,Medium,Overnight,ENG-09,3,False,False,52,44,1.6,0.73,37.75,28.11,65.86,120,True,False,
WO-00563,2025-07-02 03:10:00,2025-07-02 05:56:00,Mechanical Room,HVAC,Room not cooling,Corrective,Medium,Overnight,ENG-08,15,True,False,52,114,2.77,1.9,77.91,73.15,151.06,120,True,True,4.6
WO-01087,2025-07-02 09:10:00,2025-07-02 12:12:00,Laundry,Plumbing,Fixture leak,Corrective,Low,Day,ENG-03,2,False,False,77,105,3.03,1.75,64.88,67.38,132.26,240,True,False,
WO-00849,2025-07-02 10:05:00,2025-07-02 13:33:00,Kitchen,Refrigeration,Door seal failure,Corrective,Medium,Day,ENG-02,9,False,False,77,131,3.47,2.18,77.21,83.93,161.14,120,True,True,
WO-00350,2025-07-02 15:39:00,2025-07-02 18:43:00,Laundry,Plumbing,No hot water,Corrective,Low,Evening,ENG-07,7,False,False,126,58,3.07,0.97,72.99,37.34,110.33,240,True,False,
WO-00264,2025-07-02 19:46:00,2025-07-02 22:13:00,Guest Room,Electrical,Preventive inspection,Preventive,Medium,Evening,ENG-05,6,True,False,69,78,2.45,1.3,5.79,50.05,55.84,120,True,False,4.2
WO-00016,2025-07-03 09:20:00,2025-07-03 13:22:00,Mechanical Room,Refrigeration,Coil cleaning,Corrective,Medium,Day,ENG-02,5,True,False,92,150,4.03,2.5,236.75,96.25,333.0,120,True,False,4.2
WO-00975,2025-07-03 16:56:00,2025-07-03 19:28:00,Mechanical Room,HVAC,Thermostat fault,Corrective,High,Evening,ENG-05,6,False,False,19,133,2.53,2.22,71.74,85.47,157.21,30,True,True,
WO-00124,2025-07-03 18:03:00,2025-07-03 21:51:00,Guest Room,Plumbing,Low water pressure,Corrective,Medium,Evening,ENG-06,6,True,False,109,119,3.8,1.98,8.49,76.23,84.72,120,True,False,4.2
WO-00313,2025-07-03 18:31:00,2025-07-03 21:05:00,Guest Room,Plumbing,Preventive inspection,Corrective,High,Evening,ENG-05,8,True,False,24,130,2.57,2.17,192.2,83.55,275.75,30,True,False,4.2
WO-00582,2025-07-04 06:52:00,2025-07-04 10:23:00,Lobby,General Maintenance,Preventive inspection,Preventive,Low,Overnight,ENG-09,12,False,False,164,47,3.52,0.78,47.98,30.03,78.01,240,True,False,
WO-00496,2025-07-04 07:04:00,2025-07-04 08:31:00,Exterior,General Maintenance,Preventive inspection,Corrective,Medium,Day,ENG-01,5,False,False,49,38,1.45,0.63,48.86,24.25,73.11,120,True,False,
WO-00888,2025-07-04 16:59:00,2025-07-04 18:39:00,Lobby,Plumbing,Fixture leak,Corrective,High,Evening,ENG-07,7,True,False,12,88,1.67,1.47,126.33,56.59,182.92,30,True,False,4.6
WO-00999,2025-07-04 17:35:00,2025-07-04 20:34:00,Lobby,General Maintenance,Preventive inspection,Preventive,Medium,Evening,ENG-07,1,False,False,142,37,2.98,0.62,8.48,23.87,32.35,120,False,False,
WO-01093,2025-07-04 19:00:00,2025-07-04 22:03:00,Kitchen,General Maintenance,Door hardware,Corrective,Low,Evening,ENG-05,10,False,False,154,29,3.05,0.48,76.25,18.48,94.73,240,True,False,
WO-01182,2025-07-05 08:43:00,2025-07-05 12:32:00,Mechanical Room,Refrigeration,Compressor fault,Corrective,Low,Day,ENG-04,4,False,False,138,91,3.82,1.52,295.5,58.52,354.02,240,True,False,
WO-00943,2025-07-05 14:01:00,2025-07-05 15:54:00,Lobby,HVAC,Thermostat fault,Corrective,Emergency,Day,ENG-02,11,True,False,10,103,1.88,1.72,93.53,66.22,159.75,15,True,True,4.2
WO-00575,2025-07-05 18:55:00,2025-07-05 22:49:00,Meeting Space,HVAC,Fan motor failure,Corrective,Low,Evening,ENG-07,12,False,False,150,84,3.9,1.4,206.8,53.9,260.7,240,True,False,
WO-00968,2025-07-06 11:49:00,2025-07-06 13:31:00,Guest Room,Life Safety,Emergency light failure,Corrective,Emergency,Day,ENG-01,9,True,False,8,94,1.7,1.57,127.87,60.45,188.32,15,True,False,4.3
WO-00029,2025-07-08 07:44:00,2025-07-08 09:36:00,Guest Room,Life Safety,Alarm device fault,Corrective,High,Day,ENG-03,10,True,True,21,91,1.87,1.52,112.37,58.52,170.89,30,True,False,4.3
WO-00074,2025-07-08 10:26:00,2025-07-08 12:22:00,Laundry,Plumbing,Fixture leak,Corrective,High,Day,ENG-03,6,False,False,21,95,1.93,1.58,6.98,60.83,67.81,30,True,False,
WO-00895,2025-07-08 15:00:00,2025-07-08 18:45:00,Meeting Space,Refrigeration,Compressor fault,Corrective,Emergency,Evening,ENG-06,9,False,False,12,213,3.75,3.55,12.72,136.67,149.39,15,True,False,
WO-00032,2025-07-08 15:35:00,2025-07-08 18:25:00,Lobby,HVAC,Filter replacement,Corrective,High,Evening,ENG-05,14,False,False,25,145,2.83,2.42,200.58,93.17,293.75,30,True,False,
WO-00917,2025-07-10 08:07:00,2025-07-10 10:28:00,Guest Room,HVAC,Condensate leak,Corrective,Medium,Day,ENG-01,7,True,False,42,99,2.35,1.65,147.0,63.52,210.52,120,True,False,4.1
WO-00037,2025-07-10 14:16:00,2025-07-10 17:05:00,Exterior,General Maintenance,Preventive inspection,Preventive,Low,Day,ENG-04,9,False,False,106,63,2.82,1.05,12.9,40.43,53.33,240,True,False,
WO-01108,2025-07-10 14:21:00,2025-07-10 15:50:00,Kitchen,Plumbing,No hot water,Corrective,Emergency,Day,ENG-03,6,False,False,13,76,1.48,1.27,154.16,48.9,203.06,15,True,False,
WO-00934,2025-07-10 16:28:00,2025-07-10 20:56:00,Kitchen,Refrigeration,Temperature above range,Preventive,Low,Evening,ENG-06,9,False,False,197,71,4.47,1.18,255.14,45.43,300.57,240,True,False,
WO-00791,2025-07-10 21:43:00,2025-07-11 03:30:00,Meeting Space,General Maintenance,Preventive inspection,Preventive,Low,Evening,ENG-07,7,False,False,293,54,5.78,0.9,8.36,34.65,43.01,240,False,False,
WO-01027,2025-07-11 07:35:00,2025-07-11 10:16:00,Kitchen,Refrigeration,Coil cleaning,Preventive,Low,Day,ENG-02,8,False,False,65,96,2.68,1.6,149.47,61.6,211.07,240,True,False,
WO-00984,2025-07-11 08:16:00,2025-07-11 10:47:00,Meeting Space,Electrical,Outlet failure,Corrective,Low,Day,ENG-04,10,False,False,84,67,2.52,1.12,8.67,43.12,51.79,240,True,False,
WO-00891,2025-07-11 15:41:00,2025-07-11 17:47:00,Guest Room,HVAC,Room not cooling,Preventive,Low,Evening,ENG-07,11,True,False,71,55,2.1,0.92,11.08,35.42,46.5,240,True,False,4.7
WO-00556,2025-07-11 16:33:00,2025-07-11 17:57:00,Guest Room,General Maintenance,Furniture repair,Corrective,Medium,Evening,ENG-05,4,True,False,44,40,1.4,0.67,52.73,25.8,78.53,120,True,False,4.4
WO-00281,2025-07-11 17:40:00,2025-07-11 19:10:00,Laundry,Plumbing,Preventive inspection,Corrective,High,Evening,ENG-07,3,False,False,11,79,1.5,1.32,269.03,50.82,319.85,30,True,False,
WO-01157,2025-07-11 18:27:00,2025-07-12 00:05:00,Kitchen,Refrigeration,Temperature above range,Corrective,Low,Evening,ENG-06,8,False,False,216,122,5.63,2.03,70.81,78.15,148.96,240,True,True,
WO-00066,2025-07-11 18:28:00,2025-07-11 21:17:00,Lobby,HVAC,Fan motor failure,Corrective,Medium,Evening,ENG-05,8,False,False,66,103,2.82,1.72,54.06,66.22,120.28,120,True,False,
WO-00878,2025-07-11 23:31:00,2025-07-12 02:21:00,Lobby,HVAC,Fan motor failure,Preventive,Low,Overnight,ENG-08,12,False,False,109,61,2.83,1.02,70.66,39.27,109.93,240,True,False,
WO-00824,2025-07-12 02:59:00,2025-07-12 07:44:00,Guest Room,HVAC,Room not cooling,Corrective,Medium,Overnight,ENG-08,9,True,False,71,214,4.75,3.57,234.56,137.44,372.0,120,True,False,4.6
WO-00386,2025-07-12 03:16:00,2025-07-12 06:09:00,Guest Room,Electrical,Lighting outage,Corrective,Low,Overnight,ENG-09,5,False,False,95,78,2.88,1.3,59.6,50.05,109.65,240,True,False,
WO-01112,2025-07-12 06:04:00,2025-07-12 09:41:00,Kitchen,Refrigeration,Door seal failure,Preventive,Low,Overnight,ENG-08,9,False,False,153,64,3.62,1.07,47.58,41.2,88.78,240,True,False,
WO-00858,2025-07-12 07:46:00,2025-07-12 11:29:00,Kitchen,Refrigeration,Coil cleaning,Corrective,Medium,Day,ENG-02,9,False,False,81,142,3.72,2.37,154.26,91.25,245.51,120,True,False,
WO-01004,2025-07-12 09:32:00,2025-07-12 11:19:00,Lobby,Life Safety,Alarm device fault,Corrective,Medium,Day,ENG-02,5,False,False,54,53,1.78,0.88,95.83,33.88,129.71,120,True,False,
WO-00914,2025-07-12 18:53:00,2025-07-12 20:32:00,Guest Room,Plumbing,Fixture leak,Corrective,Medium,Evening,ENG-06,6,True,False,54,45,1.65,0.75,181.18,28.88,210.06,120,True,False,3.9
WO-00545,2025-07-12 22:12:00,2025-07-12 23:33:00,Lobby,General Maintenance,Door hardware,Corrective,High,Evening,ENG-05,9,False,False,23,58,1.35,0.97,126.68,37.34,164.02,30,True,True,
WO-00176,2025-07-12 23:51:00,2025-07-13 02:22:00,Guest Room,Plumbing,Preventive inspection,Corrective,Medium,Overnight,ENG-08,10,False,False,75,76,2.52,1.27,60.82,48.9,109.72,120,True,False,
WO-00171,2025-07-13 05:23:00,2025-07-13 09:30:00,Mechanical Room,HVAC,Fan motor failure,Corrective,Medium,Overnight,ENG-08,11,False,False,156,91,4.12,1.52,30.31,58.52,88.83,120,False,False,
WO-00889,2025-07-13 07:42:00,2025-07-13 09:34:00,Exterior,General Maintenance,Preventive inspection,Preventive,Medium,Day,ENG-01,13,False,False,64,48,1.87,0.8,4.14,30.8,34.94,120,True,False,
WO-00808,2025-07-13 13:45:00,2025-07-13 16:04:00,Guest Room,HVAC,Fan motor failure,Preventive,Medium,Day,ENG-03,6,True,False,78,61,2.32,1.02,58.18,39.27,97.45,120,True,False,4.6
WO-00479,2025-07-13 17:00:00,2025-07-13 19:30:00,Lobby,Life Safety,Exit sign failure,Corrective,Medium,Evening,ENG-06,1,False,False,47,103,2.5,1.72,199.11,66.22,265.33,120,True,False,
WO-00177,2025-07-13 18:47:00,2025-07-13 20:27:00,Guest Room,General Maintenance,Door hardware,Corrective,High,Evening,ENG-07,8,True,False,46,54,1.67,0.9,7.98,34.65,42.63,30,False,False,3.8
WO-00610,2025-07-14 15:40:00,2025-07-14 18:10:00,Guest Room,Electrical,Outlet failure,Corrective,Medium,Evening,ENG-07,12,True,False,54,96,2.5,1.6,29.42,61.6,91.02,120,True,False,4.5
WO-00736,2025-07-15 01:08:00,2025-07-15 03:17:00,Meeting Space,General Maintenance,Preventive inspection,Preventive,Medium,Overnight,ENG-08,5,False,False,112,17,2.15,0.28,9.37,10.78,20.15,120,True,False,
WO-00884,2025-07-15 09:21:00,2025-07-15 13:52:00,Guest Room,Plumbing,Preventive inspection,Corrective,Low,Day,ENG-04,1,False,False,206,65,4.52,1.08,3.49,41.58,45.07,240,True,False,
WO-00777,2025-07-15 15:18:00,2025-07-15 17:04:00,Guest Room,HVAC,Condensate leak,Preventive,Medium,Evening,ENG-05,13,True,False,47,59,1.77,0.98,103.11,37.73,140.84,120,True,False,4.4
WO-00641,2025-07-17 10:25:00,2025-07-17 13:19:00,Mechanical Room,Refrigeration,Compressor fault,Corrective,Emergency,Day,ENG-04,6,False,False,14,160,2.9,2.67,170.56,102.8,273.36,15,True,False,
WO-00562,2025-07-17 17:44:00,2025-07-17 20:19:00,Guest Room,General Maintenance,Signage repair,Corrective,Medium,Evening,ENG-05,10,False,False,91,64,2.58,1.07,75.29,41.2,116.49,120,True,False,
WO-00087,2025-07-18 03:27:00,2025-07-18 07:01:00,Mechanical Room,HVAC,Filter replacement,Corrective,High,Overnight,ENG-08,9,False,False,27,187,3.57,3.12,150.91,120.12,271.03,30,True,False,
WO-00531,2025-07-18 05:41:00,2025-07-18 08:36:00,Kitchen,Electrical,Breaker trip,Corrective,High,Overnight,ENG-08,13,True,False,15,160,2.92,2.67,45.03,102.8,147.83,30,True,False,4.2
WO-00905,2025-07-18 09:34:00,2025-07-18 12:32:00,Kitchen,Refrigeration,Temperature above range,Corrective,Medium,Day,ENG-01,4,False,False,47,131,2.97,2.18,87.55,83.93,171.48,120,True,False,
WO-00978,2025-07-18 13:23:00,2025-07-18 15:18:00,Kitchen,Electrical,Preventive inspection,Corrective,High,Day,ENG-01,13,False,False,20,95,1.92,1.58,109.43,60.83,170.26,30,True,False,
WO-00367,2025-07-18 15:31:00,2025-07-18 18:27:00,Kitchen,Refrigeration,Temperature above range,Corrective,Medium,Evening,ENG-05,1,False,False,48,128,2.93,2.13,167.18,82.0,249.18,120,True,False,
WO-00204,2025-07-18 19:02:00,2025-07-18 20:47:00,Guest Room,Electrical,Preventive inspection,Preventive,Medium,Evening,ENG-05,5,True,False,52,53,1.75,0.88,47.47,33.88,81.35,120,True,False,4.1
WO-00107,2025-07-18 21:27:00,2025-07-18 22:45:00,Meeting Space,General Maintenance,Preventive inspection,Corrective,Medium,Evening,ENG-06,12,False,False,33,45,1.3,0.75,55.4,28.88,84.28,120,True,False,
WO-00416,2025-07-18 22:16:00,2025-07-19 02:22:00,Kitchen,HVAC,Fan motor failure,Corrective,Medium,Evening,ENG-07,1,False,False,95,151,4.1,2.52,59.84,97.02,156.86,120,True,False,
WO-01042,2025-07-18 22:45:00,2025-07-19 00:34:00,Guest Room,HVAC,Fan motor failure,Corrective,High,Evening,ENG-07,7,True,True,18,91,1.82,1.52,254.41,58.52,312.93,30,True,False,4.5
WO-00253,2025-07-20 03:31:00,2025-07-20 05:03:00,Kitchen,General Maintenance,Preventive inspection,Corrective,High,Overnight,ENG-08,9,False,False,43,49,1.53,0.82,2.67,31.57,34.24,30,False,False,
WO-00349,2025-07-20 07:16:00,2025-07-20 12:42:00,Guest Room,HVAC,Condensate leak,Corrective,Low,Day,ENG-03,14,True,False,114,212,5.43,3.53,12.48,135.91,148.39,240,True,False,4.3
WO-00572,2025-07-20 12:37:00,2025-07-20 14:34:00,Kitchen,General Maintenance,Signage repair,Corrective,Medium,Day,ENG-04,12,False,False,74,43,1.95,0.72,76.11,27.72,103.83,120,True,False,
WO-00759,2025-07-20 13:14:00,2025-07-20 15:36:00,Guest Room,Electrical,Outlet failure,Corrective,Low,Day,ENG-04,9,True,False,82,60,2.37,1.0,44.75,38.5,83.25,240,True,False,4.6
WO-00950,2025-07-20 17:55:00,2025-07-20 20:51:00,Guest Room,Electrical,Lighting outage,Corrective,Medium,Evening,ENG-05,5,False,False,76,100,2.93,1.67,226.84,64.3,291.14,120,True,False,
WO-00094,2025-07-22 07:27:00,2025-07-22 10:34:00,Mechanical Room,HVAC,Thermostat fault,Corrective,Medium,Day,ENG-02,6,False,False,59,128,3.12,2.13,139.34,82.0,221.34,120,True,False,
WO-00887,2025-07-22 09:20:00,2025-07-22 11:57:00,Meeting Space,HVAC,Filter replacement,Corrective,Medium,Day,ENG-01,10,True,False,40,117,2.62,1.95,157.46,75.08,232.54,120,True,False,4.8
WO-00705,2025-07-22 18:11:00,2025-07-22 20:18:00,Lobby,Plumbing,Preventive inspection,Corrective,Medium,Evening,ENG-05,3,False,False,57,70,2.12,1.17,105.16,45.04,150.2,120,True,False,
WO-00332,2025-07-23 06:12:00,2025-07-23 10:09:00,Guest Room,Plumbing,Drain blockage,Corrective,Medium,Overnight,ENG-08,6,False,False,127,110,3.95,1.83,62.23,70.45,132.68,120,False,False,
WO-00591,2025-07-23 15:21:00,2025-07-23 17:05:00,Guest Room,Electrical,Outlet failure,Corrective,High,Evening,ENG-07,4,True,True,19,85,1.73,1.42,83.07,54.67,137.74,30,True,False,4.8
WO-00257,2025-07-23 16:47:00,2025-07-23 18:11:00,Guest Room,General Maintenance,Furniture repair,Corrective,Emergency,Evening,ENG-06,8,True,True,10,74,1.4,1.23,14.84,47.35,62.19,15,True,False,5.0
WO-00995,2025-07-24 14:36:00,2025-07-24 17:17:00,Guest Room,Plumbing,Preventive inspection,Preventive,Low,Day,ENG-01,13,True,False,88,73,2.68,1.22,16.37,46.97,63.34,240,True,False,4.9
WO-00639,2025-07-24 16:24:00,2025-07-24 18:46:00,Guest Room,HVAC,Thermostat fault,Corrective,Medium,Evening,ENG-07,6,False,False,35,107,2.37,1.78,59.37,68.53,127.9,120,True,False,
WO-00272,2025-07-24 17:38:00,2025-07-24 19:16:00,Mechanical Room,Plumbing,Preventive inspection,Corrective,High,Evening,ENG-05,4,False,False,23,75,1.63,1.25,70.36,48.12,118.48,30,True,False,
WO-00063,2025-07-24 23:57:00,2025-07-25 02:48:00,Kitchen,HVAC,Condensate leak,Corrective,High,Overnight,ENG-08,10,False,False,36,135,2.85,2.25,259.23,86.62,345.85,30,False,False,
WO-00683,2025-07-25 02:32:00,2025-07-25 04:16:00,Kitchen,Plumbing,Fixture leak,Corrective,Medium,Overnight,ENG-08,10,False,False,39,65,1.73,1.08,73.78,41.58,115.36,120,True,False,
WO-00036,2025-07-25 06:02:00,2025-07-25 07:37:00,Meeting Space,Life Safety,Sprinkler inspection,Corrective,High,Overnight,ENG-08,12,False,False,21,74,1.58,1.23,37.12,47.35,84.47,30,True,False,
WO-00638,2025-07-25 08:36:00,2025-07-25 12:17:00,Laundry,Plumbing,Low water pressure,Corrective,Medium,Day,ENG-03,7,False,False,58,163,3.68,2.72,111.49,104.72,216.21,120,True,False,
WO-00961,2025-07-25 11:26:00,2025-07-25 15:18:00,Guest Room,Plumbing,Low water pressure,Corrective,Low,Day,ENG-04,9,True,False,159,73,3.87,1.22,53.97,46.97,100.94,240,True,False,4.5
WO-00960,2025-07-25 13:27:00,2025-07-25 17:14:00,Kitchen,Refrigeration,Coil cleaning,Corrective,Medium,Day,ENG-01,1,False,False,56,171,3.78,2.85,367.67,109.73,477.4,120,True,False,
WO-00194,2025-07-25 16:01:00,2025-07-25 17:19:00,Guest Room,General Maintenance,Preventive inspection,Corrective,High,Evening,ENG-05,8,True,True,19,59,1.3,0.98,6.77,37.73,44.5,30,True,False,4.7
WO-00692,2025-07-26 10:46:00,2025-07-26 13:57:00,Guest Room,HVAC,Room not cooling,Preventive,Low,Day,ENG-04,9,True,False,109,82,3.18,1.37,51.5,52.75,104.25,240,True,True,4.5
WO-01075,2025-07-26 23:26:00,2025-07-27 03:06:00,Guest Room,HVAC,Fan motor failure,Corrective,Medium,Overnight,ENG-08,11,True,False,95,125,3.67,2.08,400.33,80.08,480.41,120,True,False,4.4
WO-00418,2025-07-27 01:24:00,2025-07-27 04:39:00,Guest Room,HVAC,Room not cooling,Corrective,Low,Overnight,ENG-09,8,True,False,110,85,3.25,1.42,112.73,54.67,167.4,240,True,False,4.1
WO-01129,2025-07-27 09:54:00,2025-07-27 12:11:00,Guest Room,Plumbing,Fixture leak,Corrective,High,Day,ENG-01,12,True,True,28,109,2.28,1.82,195.01,70.07,265.08,30,True,False,4.2
WO-00724,2025-07-27 10:33:00,2025-07-27 12:43:00,Meeting Space,Electrical,Lighting outage,Corrective,Medium,Day,ENG-04,4,False,False,56,74,2.17,1.23,22.33,47.35,69.68,120,True,False,
WO-00065,2025-07-27 10:37:00,2025-07-27 12:48:00,Guest Room,Plumbing,Drain blockage,Corrective,High,Day,ENG-03,6,True,True,16,115,2.18,1.92,20.79,73.92,94.71,30,True,False,4.7
WO-00406,2025-07-27 12:12:00,2025-07-27 15:29:00,Kitchen,Refrigeration,Coil cleaning,Corrective,Medium,Day,ENG-02,14,False,False,32,165,3.28,2.75,188.45,105.88,294.33,120,True,False,
WO-00802,2025-07-27 16:53:00,2025-07-27 19:47:00,Guest Room,General Maintenance,Preventive inspection,Corrective,Medium,Evening,ENG-06,12,False,False,82,92,2.9,1.53,97.0,58.91,155.91,120,True,True,
WO-00119,2025-07-28 07:16:00,2025-07-28 10:31:00,Guest Room,HVAC,Filter replacement,Corrective,High,Day,ENG-02,10,True,True,18,177,3.25,2.95,101.29,113.58,214.87,30,True,False,4.0
WO-00829,2025-07-28 14:51:00,2025-07-28 18:29:00,Mechanical Room,Refrigeration,Temperature above range,Corrective,Medium,Day,ENG-04,14,False,False,53,165,3.63,2.75,403.31,105.88,509.19,120,True,False,
WO-00101,2025-07-28 15:34:00,2025-07-28 17:08:00,Lobby,Electrical,Breaker trip,Corrective,High,Evening,ENG-07,17,False,False,13,81,1.57,1.35,154.85,51.98,206.83,30,True,False,
WO-00231,2025-07-29 08:51:00,2025-07-29 10:39:00,Guest Room,Life Safety,Alarm device fault,Corrective,High,Day,ENG-01,1,False,False,26,82,1.8,1.37,20.5,52.75,73.25,30,True,False,
WO-01131,2025-07-29 09:18:00,2025-07-29 11:13:00,Mechanical Room,HVAC,Thermostat fault,Corrective,Medium,Day,ENG-03,8,False,False,36,79,1.92,1.32,50.36,50.82,101.18,120,True,False,
WO-00546,2025-07-29 17:35:00,2025-07-29 19:45:00,Kitchen,Electrical,Outlet failure,Corrective,Medium,Evening,ENG-07,6,False,False,60,70,2.17,1.17,64.07,45.04,109.11,120,True,False,
WO-00369,2025-07-29 17:54:00,2025-07-29 20:08:00,Guest Room,Electrical,Control panel fault,Corrective,High,Evening,ENG-05,4,False,False,48,86,2.23,1.43,23.98,55.05,79.03,30,False,False,
WO-00554,2025-07-29 18:01:00,2025-07-29 18:50:00,Guest Room,General Maintenance,Signage repair,Corrective,High,Evening,ENG-05,5,True,True,19,30,0.82,0.5,7.52,19.25,26.77,30,True,False,4.6
WO-00991,2025-07-30 09:28:00,2025-07-30 11:38:00,Meeting Space,HVAC,Fan motor failure,Preventive,Medium,Day,ENG-04,12,False,False,53,77,2.17,1.28,72.07,49.28,121.35,120,True,False,
WO-01178,2025-07-30 12:02:00,2025-07-30 14:18:00,Kitchen,HVAC,Filter replacement,Corrective,Medium,Day,ENG-04,4,False,False,53,83,2.27,1.38,75.31,53.13,128.44,120,True,False,
WO-00399,2025-07-30 14:58:00,2025-07-30 16:46:00,Guest Room,Plumbing,Preventive inspection,Preventive,Medium,Day,ENG-03,6,True,False,53,55,1.8,0.92,31.4,35.42,66.82,120,True,False,4.3
WO-00625,2025-07-30 17:36:00,2025-07-30 20:17:00,Guest Room,HVAC,Filter replacement,Corrective,Medium,Evening,ENG-05,11,True,False,37,124,2.68,2.07,63.0,79.69,142.69,120,True,False,4.5
WO-00064,2025-07-30 17:37:00,2025-07-30 20:57:00,Meeting Space,HVAC,Fan motor failure,Corrective,Medium,Evening,ENG-05,7,False,False,108,92,3.33,1.53,220.8,58.91,279.71,120,True,True,
WO-01000,2025-07-30 21:24:00,2025-07-30 23:47:00,Guest Room,HVAC,Filter replacement,Corrective,Medium,Evening,ENG-07,8,False,False,72,71,2.38,1.18,59.23,45.43,104.66,120,True,False,
WO-00820,2025-07-31 02:27:00,2025-07-31 07:34:00,Kitchen,Refrigeration,Ice buildup,Corrective,Medium,Overnight,ENG-08,1,False,False,152,155,5.12,2.58,14.3,99.33,113.63,120,False,False,
WO-01096,2025-07-31 09:19:00,2025-07-31 13:26:00,Guest Room,HVAC,Fan motor failure,Corrective,Medium,Day,ENG-04,15,True,False,86,161,4.12,2.68,222.36,103.18,325.54,120,True,False,3.8
WO-00302,2025-07-31 12:18:00,2025-07-31 14:48:00,Guest Room,Plumbing,Drain blockage,Corrective,Low,Day,ENG-03,10,True,False,81,69,2.5,1.15,42.65,44.27,86.92,240,True,False,3.8
WO-00528,2025-07-31 13:28:00,2025-07-31 15:22:00,Laundry,Plumbing,Drain blockage,Corrective,High,Day,ENG-04,3,False,False,18,96,1.9,1.6,122.99,61.6,184.59,30,True,False,
WO-00879,2025-07-31 21:24:00,2025-07-31 23:27:00,Guest Room,Plumbing,Drain blockage,Corrective,Medium,Evening,ENG-07,9,False,False,70,53,2.05,0.88,5.4,33.88,39.28,120,True,False,
WO-00523,2025-08-01 12:26:00,2025-08-01 16:31:00,Guest Room,Plumbing,No hot water,Corrective,Low,Day,ENG-02,9,True,False,179,66,4.08,1.1,110.04,42.35,152.39,240,True,False,3.8
WO-00207,2025-08-01 22:17:00,2025-08-02 00:52:00,Kitchen,Refrigeration,Temperature above range,Preventive,Medium,Evening,ENG-06,4,False,False,69,86,2.58,1.43,26.67,55.05,81.72,120,True,False,
WO-00395,2025-08-01 22:22:00,2025-08-02 01:37:00,Guest Room,General Maintenance,Preventive inspection,Preventive,Low,Evening,ENG-07,3,True,False,153,42,3.25,0.7,9.05,26.95,36.0,240,True,False,4.3
WO-00388,2025-08-02 01:02:00,2025-08-02 03:15:00,Guest Room,General Maintenance,Door hardware,Corrective,Medium,Overnight,ENG-09,7,True,False,89,44,2.22,0.73,45.43,28.11,73.54,120,True,True,4.7
WO-00263,2025-08-02 20:59:00,2025-08-03 00:47:00,Guest Room,Plumbing,Preventive inspection,Preventive,Low,Evening,ENG-05,1,False,False,187,41,3.8,0.68,10.42,26.18,36.6,240,True,False,
WO-00271,2025-08-03 02:49:00,2025-08-03 05:10:00,Guest Room,General Maintenance,Preventive inspection,Preventive,Low,Overnight,ENG-09,2,True,False,114,27,2.35,0.45,11.51,17.32,28.83,240,True,False,4.5
WO-00570,2025-08-03 10:12:00,2025-08-03 12:27:00,Guest Room,HVAC,Thermostat fault,Corrective,High,Day,ENG-04,11,True,False,17,118,2.25,1.97,224.86,75.84,300.7,30,True,True,4.6
WO-00898,2025-08-04 15:45:00,2025-08-04 18:32:00,Guest Room,HVAC,Thermostat fault,Corrective,Medium,Evening,ENG-06,12,True,False,68,99,2.78,1.65,40.06,63.52,103.58,120,True,False,4.7
WO-00229,2025-08-06 08:06:00,2025-08-06 10:30:00,Lobby,HVAC,Filter replacement,Corrective,Emergency,Day,ENG-04,4,False,False,13,131,2.4,2.18,220.56,83.93,304.49,15,True,False,
WO-00560,2025-08-06 10:16:00,2025-08-06 13:37:00,Guest Room,HVAC,Fan motor failure,Preventive,Low,Day,ENG-03,4,True,False,157,44,3.35,0.73,126.05,28.11,154.16,240,True,False,4.0
WO-00966,2025-08-06 22:36:00,2025-08-07 00:21:00,Meeting Space,General Maintenance,Preventive inspection,Preventive,Medium,Evening,ENG-07,7,False,False,66,39,1.75,0.65,11.05,25.03,36.08,120,True,False,
WO-00114,2025-08-07 02:55:00,2025-08-07 04:35:00,Guest Room,Plumbing,Preventive inspection,Corrective,High,Overnight,ENG-08,7,True,True,25,75,1.67,1.25,44.87,48.12,92.99,30,True,False,4.5
WO-01111,2025-08-07 09:48:00,2025-08-07 13:17:00,Kitchen,Refrigeration,Ice buildup,Corrective,High,Day,ENG-04,5,False,False,18,191,3.48,3.18,14.23,122.43,136.66,30,True,False,
WO-00954,2025-08-07 16:29:00,2025-08-07 18:30:00,Guest Room,HVAC,Room not cooling,Corrective,Medium,Evening,ENG-05,7,True,False,49,72,2.02,1.2,91.48,46.2,137.68,120,True,True,3.7
WO-01090,2025-08-07 20:50:00,2025-08-07 23:30:00,Meeting Space,HVAC,Thermostat fault,Preventive,Medium,Evening,ENG-05,6,False,False,97,63,2.67,1.05,77.77,40.43,118.2,120,True,False,
WO-00962,2025-08-08 11:19:00,2025-08-08 12:16:00,Guest Room,General Maintenance,Door hardware,Corrective,High,Day,ENG-04,1,True,False,11,46,0.95,0.77,15.58,29.64,45.22,30,True,False,5.0
WO-00550,2025-08-09 08:23:00,2025-08-09 11:49:00,Guest Room,HVAC,Fan motor failure,Corrective,Medium,Day,ENG-03,1,True,False,65,141,3.43,2.35,148.31,90.48,238.79,120,True,True,3.7
WO-01080,2025-08-11 10:09:00,2025-08-11 11:37:00,Guest Room,Plumbing,No hot water,Corrective,High,Day,ENG-02,1,True,False,11,77,1.47,1.28,46.02,49.28,95.3,30,True,False,4.8
WO-00130,2025-08-11 17:45:00,2025-08-11 20:58:00,Meeting Space,Life Safety,Exit sign failure,Corrective,Medium,Evening,ENG-07,13,False,False,77,116,3.22,1.93,112.64,74.3,186.94,120,True,False,
WO-00015,2025-08-11 18:44:00,2025-08-11 20:45:00,Meeting Space,HVAC,Fan motor failure,Corrective,High,Evening,ENG-05,8,False,False,20,101,2.02,1.68,213.17,64.68,277.85,30,True,False,
WO-00139,2025-08-11 20:43:00,2025-08-12 00:26:00,Guest Room,HVAC,Room not cooling,Preventive,Low,Evening,ENG-06,7,True,False,162,61,3.72,1.02,71.15,39.27,110.42,240,True,False,4.4
WO-00735,2025-08-12 07:26:00,2025-08-12 10:57:00,Guest Room,HVAC,Room not cooling,Corrective,Low,Day,ENG-01,14,True,False,63,148,3.52,2.47,131.43,95.1,226.53,240,True,False,4.9
WO-00136,2025-08-12 08:25:00,2025-08-12 11:11:00,Guest Room,Plumbing,Preventive inspection,Preventive,Low,Day,ENG-01,10,True,False,127,39,2.77,0.65,64.4,25.03,89.43,240,True,False,4.2
WO-00616,2025-08-13 00:24:00,2025-08-13 01:56:00,Kitchen,Refrigeration,Door seal failure,Corrective,High,Overnight,ENG-09,8,False,False,16,76,1.53,1.27,58.6,48.9,107.5,30,True,False,
WO-00842,2025-08-13 06:03:00,2025-08-13 10:58:00,Laundry,Plumbing,Preventive inspection,Corrective,Medium,Overnight,ENG-09,1,False,False,175,120,4.92,2.0,43.56,77.0,120.56,120,False,False,
WO-00183,2025-08-13 14:02:00,2025-08-13 16:30:00,Guest Room,HVAC,Room not cooling,Corrective,Medium,Day,ENG-02,16,True,False,32,116,2.47,1.93,66.01,74.3,140.31,120,True,True,4.3
WO-01092,2025-08-13 15:46:00,2025-08-13 17:48:00,Guest Room,HVAC,Fan motor failure,Corrective,Medium,Evening,ENG-07,1,True,False,44,78,2.03,1.3,101.76,50.05,151.81,120,True,False,4.5
WO-00103,2025-08-14 06:23:00,2025-08-14 08:49:00,Exterior,Electrical,Breaker trip,Corrective,Medium,Overnight,ENG-09,4,False,False,83,63,2.43,1.05,75.73,40.43,116.16,120,True,False,
WO-00333,2025-08-14 19:54:00,2025-08-14 23:28:00,Guest Room,Plumbing,No hot water,Corrective,Low,Evening,ENG-07,7,True,False,145,69,3.57,1.15,13.61,44.27,57.88,240,True,False,4.4
WO-00856,2025-08-15 08:18:00,2025-08-15 10:08:00,Mechanical Room,Life Safety,Sprinkler inspection,Corrective,Medium,Day,ENG-03,6,False,False,56,54,1.83,0.9,253.77,34.65,288.42,120,True,False,
WO-00471,2025-08-15 10:07:00,2025-08-15 12:28:00,Kitchen,Electrical,Outlet failure,Corrective,High,Day,ENG-02,6,False,False,17,124,2.35,2.07,51.86,79.69,131.55,30,True,False,
WO-00379,2025-08-15 12:45:00,2025-08-15 18:23:00,Mechanical Room,Refrigeration,Ice buildup,Corrective,Medium,Day,ENG-01,17,True,False,89,249,5.63,4.15,515.08,159.78,674.86,120,True,False,3.7
WO-00990,2025-08-15 18:40:00,2025-08-15 19:42:00,Kitchen,General Maintenance,Signage repair,Corrective,High,Evening,ENG-07,2,False,False,26,36,1.03,0.6,36.13,23.1,59.23,30,True,False,
WO-00283,2025-08-15 21:36:00,2025-08-15 23:11:00,Exterior,Electrical,Control panel fault,Corrective,High,Evening,ENG-06,9,False,False,39,56,1.58,0.93,73.49,35.8,109.29,30,False,False,
WO-00028,2025-08-16 01:36:00,2025-08-16 03:40:00,Meeting Space,Electrical,Outlet failure,Corrective,High,Overnight,ENG-09,2,False,False,32,92,2.07,1.53,27.33,58.91,86.24,30,False,False,
WO-00932,2025-08-16 09:40:00,2025-08-16 12:49:00,Kitchen,Plumbing,Low water pressure,Corrective,Medium,Day,ENG-01,7,False,False,69,120,3.15,2.0,73.35,77.0,150.35,120,True,False,
WO-00513,2025-08-17 10:10:00,2025-08-17 12:18:00,Lobby,General Maintenance,Signage repair,Corrective,Medium,Day,ENG-02,15,False,False,46,82,2.13,1.37,46.15,52.75,98.9,120,True,False,
WO-01169,2025-08-17 20:28:00,2025-08-17 22:44:00,Guest Room,Plumbing,Preventive inspection,Preventive,Low,Evening,ENG-07,5,True,False,100,36,2.27,0.6,46.4,23.1,69.5,240,True,False,5.0
WO-00520,2025-08-18 12:00:00,2025-08-18 14:54:00,Guest Room,HVAC,Filter replacement,Preventive,Low,Day,ENG-02,8,False,False,107,67,2.9,1.12,18.01,43.12,61.13,240,True,False,
WO-00410,2025-08-18 14:16:00,2025-08-18 15:54:00,Kitchen,Electrical,Outlet failure,Corrective,Medium,Day,ENG-04,1,False,False,31,67,1.63,1.12,108.43,43.12,151.55,120,True,False,
WO-00526,2025-08-18 15:25:00,2025-08-18 17:21:00,Guest Room,Plumbing,Drain blockage,Corrective,High,Evening,ENG-07,3,True,True,20,96,1.93,1.6,113.41,61.6,175.01,30,True,False,4.5
WO-00298,2025-08-18 17:43:00,2025-08-18 19:17:00,Lobby,HVAC,Thermostat fault,Corrective,High,Evening,ENG-05,1,False,False,17,77,1.57,1.28,169.61,49.28,218.89,30,True,False,
WO-00143,2025-08-18 18:25:00,2025-08-18 20:25:00,Guest Room,Plumbing,Preventive inspection,Corrective,Medium,Evening,ENG-05,2,True,False,51,69,2.0,1.15,72.13,44.27,116.4,120,True,True,4.7
WO-01022,2025-08-19 14:29:00,2025-08-19 16:12:00,Lobby,General Maintenance,Preventive inspection,Preventive,Medium,Day,ENG-02,8,False,False,61,42,1.72,0.7,11.56,26.95,38.51,120,True,False,
WO-00147,2025-08-19 17:04:00,2025-08-19 19:58:00,Kitchen,Refrigeration,Compressor fault,Corrective,Medium,Evening,ENG-07,10,False,False,39,135,2.9,2.25,340.96,86.62,427.58,120,True,True,
WO-00392,2025-08-19 18:00:00,2025-08-19 19:07:00,Guest Room,Plumbing,Low water pressure,Corrective,Emergency,Evening,ENG-05,5,True,True,17,50,1.12,0.83,49.41,31.95,81.36,15,False,False,3.5
WO-01064,2025-08-19 19:30:00,2025-08-19 23:21:00,Guest Room,HVAC,Condensate leak,Corrective,High,Evening,ENG-07,1,True,True,21,210,3.85,3.5,83.74,134.75,218.49,30,True,False,4.5
WO-00987,2025-08-19 20:56:00,2025-08-19 23:57:00,Guest Room,Electrical,Lighting outage,Corrective,Medium,Evening,ENG-05,11,False,False,115,66,3.02,1.1,158.67,42.35,201.02,120,True,True,
WO-00326,2025-08-19 21:20:00,2025-08-19 23:42:00,Mechanical Room,Refrigeration,Coil cleaning,Corrective,Medium,Evening,ENG-05,12,False,False,34,108,2.37,1.8,162.78,69.3,232.08,120,True,True,
WO-01150,2025-08-21 09:34:00,2025-08-21 12:22:00,Guest Room,Plumbing,Low water pressure,Corrective,Medium,Day,ENG-04,11,True,False,61,107,2.8,1.78,163.53,68.53,232.06,120,True,False,4.9
WO-01126,2025-08-21 11:12:00,2025-08-21 12:53:00,Kitchen,Plumbing,Fixture leak,Corrective,High,Day,ENG-01,2,False,False,17,84,1.68,1.4,10.81,53.9,64.71,30,True,False,
WO-00681,2025-08-21 15:47:00,2025-08-21 18:15:00,Mechanical Room,Plumbing,Drain blockage,Corrective,High,Evening,ENG-05,5,False,False,33,115,2.47,1.92,137.45,73.92,211.37,30,False,False,
WO-00737,2025-08-21 21:35:00,2025-08-21 23:27:00,Meeting Space,HVAC,Thermostat fault,Corrective,High,Evening,ENG-05,9,True,False,25,87,1.87,1.45,188.11,55.82,243.93,30,True,False,4.8
WO-00690,2025-08-22 07:12:00,2025-08-22 10:22:00,Guest Room,Electrical,Preventive inspection,Preventive,Low,Day,ENG-04,10,True,False,134,56,3.17,0.93,67.38,35.8,103.18,240,True,False,4.6
WO-00743,2025-08-22 13:51:00,2025-08-22 16:09:00,Guest Room,HVAC,Thermostat fault,Corrective,Emergency,Day,ENG-04,5,True,False,5,133,2.3,2.22,149.49,85.47,234.96,15,True,False,3.8
WO-00897,2025-08-23 20:49:00,2025-08-23 22:37:00,Kitchen,Electrical,Preventive inspection,Corrective,Medium,Evening,ENG-07,10,False,False,43,65,1.8,1.08,188.39,41.58,229.97,120,True,False,
WO-00360,2025-08-24 01:03:00,2025-08-24 03:34:00,Kitchen,HVAC,Room not cooling,Corrective,High,Overnight,ENG-08,10,False,False,24,127,2.52,2.12,115.99,81.62,197.61,30,True,False,
WO-00092,2025-08-24 10:50:00,2025-08-24 14:27:00,Lobby,Plumbing,No hot water,Corrective,Medium,Day,ENG-02,9,True,False,49,168,3.62,2.8,135.35,107.8,243.15,120,True,True,4.3
WO-01028,2025-08-24 15:23:00,2025-08-24 17:59:00,Guest Room,Plumbing,Preventive inspection,Preventive,Medium,Evening,ENG-07,5,True,False,78,78,2.6,1.3,14.45,50.05,64.5,120,True,False,4.9
WO-00193,2025-08-24 19:15:00,2025-08-24 21:20:00,Kitchen,Plumbing,Drain blockage,Corrective,High,Evening,ENG-06,9,False,False,20,105,2.08,1.75,70.63,67.38,138.01,30,True,False,
WO-00251,2025-08-25 01:29:00,2025-08-25 03:39:00,Lobby,General Maintenance,Signage repair,Corrective,Medium,Overnight,ENG-08,11,False,False,78,52,2.17,0.87,46.19,33.49,79.68,120,True,False,
WO-00268,2025-08-25 15:05:00,2025-08-25 17:35:00,Lobby,General Maintenance,Signage repair,Corrective,Medium,Evening,ENG-07,7,False,False,48,102,2.5,1.7,78.63,65.45,144.08,120,True,False,
WO-00551,2025-08-25 19:45:00,2025-08-25 21:27:00,Guest Room,General Maintenance,Door hardware,Corrective,Medium,Evening,ENG-06,2,True,False,58,44,1.7,0.73,29.26,28.11,57.37,120,True,False,4.8
WO-00452,2025-08-25 19:47:00,2025-08-25 23:09:00,Guest Room,Plumbing,Drain blockage,Corrective,Low,Evening,ENG-07,7,True,False,134,68,3.37,1.13,39.85,43.5,83.35,240,True,True,4.3
WO-00014,2025-08-26 16:20:00,2025-08-26 18:59:00,Guest Room,Electrical,Preventive inspection,Corrective,Emergency,Evening,ENG-06,15,False,False,15,144,2.65,2.4,48.16,92.4,140.56,15,True,False,
WO-00875,2025-08-26 19:29:00,2025-08-26 22:51:00,Mechanical Room,Plumbing,Preventive inspection,Preventive,Low,Evening,ENG-07,8,False,False,158,44,3.37,0.73,30.76,28.11,58.87,240,True,False,
WO-00218,2025-08-26 22:50:00,2025-08-27 00:36:00,Guest Room,HVAC,Fan motor failure,Preventive,Medium,Evening,ENG-06,11,True,False,45,61,1.77,1.02,136.86,39.27,176.13,120,True,False,4.4
WO-00018,2025-08-27 10:10:00,2025-08-27 13:45:00,Laundry,Refrigeration,Temperature above range,Preventive,Low,Day,ENG-04,19,False,False,129,86,3.58,1.43,33.74,55.05,88.79,240,True,False,
WO-00498,2025-08-27 15:53:00,2025-08-27 19:54:00,Laundry,Refrigeration,Temperature above range,Preventive,Low,Evening,ENG-06,5,False,False,132,109,4.02,1.82,21.96,70.07,92.03,240,True,False,
WO-00883,2025-08-28 03:33:00,2025-08-28 08:18:00,Lobby,Electrical,Lighting outage,Corrective,Low,Overnight,ENG-08,7,False,False,241,44,4.75,0.73,29.2,28.11,57.31,240,False,True,
WO-00309,2025-08-28 05:21:00,2025-08-28 07:04:00,Meeting Space,Life Safety,Emergency light failure,Corrective,High,Overnight,ENG-08,6,False,False,31,72,1.72,1.2,271.35,46.2,317.55,30,False,False,
WO-00541,2025-08-28 21:13:00,2025-08-28 23:41:00,Guest Room,Electrical,Lighting outage,Corrective,Medium,Evening,ENG-05,13,False,False,64,84,2.47,1.4,72.9,53.9,126.8,120,True,False,
WO-00247,2025-08-28 21:14:00,2025-08-28 23:55:00,Kitchen,Refrigeration,Coil cleaning,Corrective,High,Evening,ENG-05,11,False,False,24,137,2.68,2.28,54.33,87.78,142.11,30,True,False,
WO-00689,2025-08-29 09:00:00,2025-08-29 11:36:00,Lobby,Electrical,Preventive inspection,Preventive,Low,Day,ENG-04,12,False,False,64,92,2.6,1.53,14.37,58.91,73.28,240,True,False,
WO-00778,2025-08-29 10:44:00,2025-08-29 14:03:00,Kitchen,HVAC,Thermostat fault,Corrective,Medium,Day,ENG-03,14,False,False,115,84,3.32,1.4,477.6,53.9,531.5,120,True,False,
WO-00586,2025-08-30 09:16:00,2025-08-30 11:22:00,Kitchen,General Maintenance,Preventive inspection,Corrective,Medium,Day,ENG-02,3,False,False,81,45,2.1,0.75,48.1,28.88,76.98,120,True,False,
WO-00810,2025-08-30 10:38:00,2025-08-30 13:13:00,Meeting Space,Life Safety,Sprinkler inspection,Corrective,High,Day,ENG-01,1,False,False,19,136,2.58,2.27,188.77,87.39,276.16,30,True,False,
WO-00566,2025-08-30 17:10:00,2025-08-30 19:27:00,Mechanical Room,Plumbing,Preventive inspection,Corrective,Medium,Evening,ENG-06,10,False,False,68,69,2.28,1.15,161.04,44.27,205.31,120,True,False,
WO-01023,2025-08-31 06:32:00,2025-08-31 08:13:00,Guest Room,Plumbing,Low water pressure,Corrective,High,Overnight,ENG-08,9,False,False,24,77,1.68,1.28,29.34,49.28,78.62,30,True,False,
WO-00580,2025-08-31 09:17:00,2025-08-31 11:29:00,Lobby,General Maintenance,Wall or ceiling damage,Corrective,Medium,Day,ENG-04,2,False,False,60,72,2.2,1.2,8.87,46.2,55.07,120,True,False,
WO-00673,2025-08-31 12:00:00,2025-08-31 14:45:00,Meeting Space,HVAC,Room not cooling,Corrective,Medium,Day,ENG-04,8,False,False,71,94,2.75,1.57,205.81,60.45,266.26,120,True,False,
WO-00493,2025-08-31 18:58:00,2025-08-31 21:05:00,Lobby,Electrical,Lighting outage,Corrective,Medium,Evening,ENG-06,6,False,False,46,81,2.12,1.35,193.13,51.98,245.11,120,True,False,
WO-00224,2025-09-01 14:03:00,2025-09-01 17:46:00,Guest Room,HVAC,Fan motor failure,Preventive,Low,Day,ENG-02,11,True,False,168,55,3.72,0.92,80.12,35.42,115.54,240,True,False,4.5
WO-00912,2025-09-01 16:34:00,2025-09-01 20:07:00,Mechanical Room,Life Safety,Emergency light failure,Corrective,Medium,Evening,ENG-07,3,False,False,129,84,3.55,1.4,201.59,53.9,255.49,120,False,False,
WO-00320,2025-09-01 16:44:00,2025-09-01 19:52:00,Guest Room,Plumbing,Preventive inspection,Preventive,Medium,Evening,ENG-07,1,True,False,148,40,3.13,0.67,3.63,25.8,29.43,120,False,False,3.6
WO-01107,2025-09-02 14:32:00,2025-09-02 16:59:00,Kitchen,Plumbing,Preventive inspection,Corrective,Low,Day,ENG-02,11,False,False,80,67,2.45,1.12,212.78,43.12,255.9,240,True,False,
WO-00208,2025-09-02 18:29:00,2025-09-02 21:28:00,Guest Room,General Maintenance,Preventive inspection,Corrective,Low,Evening,ENG-05,8,False,False,147,32,2.98,0.53,28.09,20.41,48.5,240,True,False,
WO-01033,2025-09-03 10:03:00,2025-09-03 11:42:00,Guest Room,Plumbing,Preventive inspection,Corrective,Emergency,Day,ENG-03,4,False,False,10,89,1.65,1.48,26.91,56.98,83.89,15,True,False,
WO-00703,2025-09-03 15:08:00,2025-09-03 18:40:00,Kitchen,Refrigeration,Ice buildup,Corrective,High,Evening,ENG-06,3,False,False,27,185,3.53,3.08,76.64,118.58,195.22,30,True,True,
WO-00144,2025-09-03 17:09:00,2025-09-03 18:59:00,Mechanical Room,Plumbing,Preventive inspection,Corrective,Emergency,Evening,ENG-07,2,False,False,9,101,1.83,1.68,222.87,64.68,287.55,15,True,False,
WO-00052,2025-09-03 20:23:00,2025-09-03 22:44:00,Guest Room,HVAC,Thermostat fault,Corrective,High,Evening,ENG-07,7,True,False,21,120,2.35,2.0,300.6,77.0,377.6,30,True,True,3.9
WO-01152,2025-09-04 09:32:00,2025-09-04 11:58:00,Guest Room,General Maintenance,Preventive inspection,Preventive,Low,Day,ENG-03,7,False,False,101,45,2.43,0.75,22.14,28.88,51.02,240,True,False,
WO-00387,2025-09-04 11:17:00,2025-09-04 13:35:00,Kitchen,Electrical,Lighting outage,Corrective,Medium,Day,ENG-01,1,False,False,57,81,2.3,1.35,41.64,51.98,93.62,120,True,False,
WO-00490,2025-09-04 11:41:00,2025-09-04 14:24:00,Guest Room,Electrical,Outlet failure,Corrective,High,Day,ENG-03,7,True,False,24,139,2.72,2.32,44.6,89.32,133.92,30,True,False,4.7
WO-01082,2025-09-04 19:37:00,2025-09-04 21:13:00,Lobby,General Maintenance,Preventive inspection,Corrective,Medium,Evening,ENG-06,11,False,False,59,37,1.6,0.62,36.42,23.87,60.29,120,True,False,
WO-00417,2025-09-05 08:36:00,2025-09-05 11:13:00,Guest Room,Plumbing,No hot water,Corrective,High,Day,ENG-03,2,True,True,31,126,2.62,2.1,38.07,80.85,118.92,30,False,False,4.2
WO-00262,2025-09-05 13:42:00,2025-09-05 16:44:00,Mechanical Room,Refrigeration,Door seal failure,Corrective,Emergency,Day,ENG-03,9,False,False,7,175,3.03,2.92,552.37,112.42,664.79,15,True,False,
WO-00848,2025-09-05 17:44:00,2025-09-05 20:23:00,Guest Room,Plumbing,Low water pressure,Corrective,High,Evening,ENG-06,13,False,False,18,141,2.65,2.35,67.84,90.48,158.32,30,True,False,
WO-00161,2025-09-05 19:14:00,2025-09-05 21:26:00,Guest Room,HVAC,Room not cooling,Corrective,High,Evening,ENG-06,6,False,False,28,104,2.2,1.73,116.55,66.61,183.16,30,True,False,
WO-00291,2025-09-05 23:56:00,2025-09-06 01:39:00,Guest Room,Electrical,Lighting outage,Corrective,High,Overnight,ENG-08,9,True,True,33,70,1.72,1.17,61.41,45.04,106.45,30,False,False,3.7
WO-00583,2025-09-06 02:03:00,2025-09-06 03:51:00,Meeting Space,Electrical,Control panel fault,Corrective,High,Overnight,ENG-09,14,True,False,20,88,1.8,1.47,133.45,56.59,190.04,30,True,False,4.2
WO-01016,2025-09-06 11:12:00,2025-09-06 13:57:00,Guest Room,Plumbing,Drain blockage,Corrective,Medium,Day,ENG-02,1,False,False,99,66,2.75,1.1,156.13,42.35,198.48,120,True,False,
WO-00222,2025-09-06 19:07:00,2025-09-07 01:08:00,Guest Room,HVAC,Condensate leak,Corrective,Low,Evening,ENG-07,12,False,False,285,76,6.02,1.27,215.66,48.9,264.56,240,False,False,
WO-00726,2025-09-07 19:40:00,2025-09-07 21:34:00,Kitchen,Electrical,Control panel fault,Corrective,High,Evening,ENG-06,11,True,False,19,95,1.9,1.58,56.46,60.83,117.29,30,True,False,4.5
WO-01060,2025-09-07 23:37:00,2025-09-08 02:03:00,Guest Room,Life Safety,Panel communication fault,Corrective,Medium,Overnight,ENG-08,4,True,False,66,80,2.43,1.33,83.82,51.21,135.03,120,True,False,4.5
WO-00108,2025-09-08 01:42:00,2025-09-08 05:52:00,Guest Room,HVAC,Condensate leak,Corrective,Medium,Overnight,ENG-08,15,False,False,149,101,4.17,1.68,145.2,64.68,209.88,120,False,False,
WO-00246,2025-09-08 17:38:00,2025-09-08 19:59:00,Laundry,Plumbing,Preventive inspection,Corrective,Medium,Evening,ENG-07,5,True,False,66,75,2.35,1.25,66.01,48.12,114.13,120,True,False,3.9
WO-01114,2025-09-08 19:38:00,2025-09-08 21:53:00,Guest Room,Electrical,Preventive inspection,Corrective,Medium,Evening,ENG-05,7,False,False,50,85,2.25,1.42,77.41,54.67,132.08,120,True,False,
WO-01186,2025-09-08 20:54:00,2025-09-08 22:36:00,Kitchen,Electrical,Lighting outage,Corrective,High,Evening,ENG-07,6,False,False,22,80,1.7,1.33,111.33,51.21,162.54,30,True,True,
WO-00239,2025-09-09 00:00:00,2025-09-09 04:01:00,Meeting Space,HVAC,Thermostat fault,Corrective,Medium,Overnight,ENG-09,14,False,False,124,117,4.02,1.95,193.33,75.08,268.41,120,False,False,
WO-00116,2025-09-09 00:12:00,2025-09-09 02:30:00,Guest Room,Plumbing,Low water pressure,Corrective,Medium,Overnight,ENG-09,4,True,False,86,52,2.3,0.87,118.22,33.49,151.71,120,True,False,4.5
WO-00772,2025-09-09 07:22:00,2025-09-09 11:32:00,Kitchen,Refrigeration,Compressor fault,Corrective,Emergency,Day,ENG-02,5,False,False,8,242,4.17,4.03,313.61,155.16,468.77,15,True,False,
WO-01001,2025-09-09 08:52:00,2025-09-09 13:11:00,Kitchen,Refrigeration,Coil cleaning,Preventive,Low,Day,ENG-04,7,False,False,190,69,4.32,1.15,57.13,44.27,101.4,240,True,False,
WO-00040,2025-09-09 15:41:00,2025-09-09 19:02:00,Laundry,Refrigeration,Coil cleaning,Corrective,Medium,Evening,ENG-05,9,False,False,59,142,3.35,2.37,328.6,91.25,419.85,120,True,False,
WO-00089,2025-09-09 18:18:00,2025-09-09 20:49:00,Kitchen,Refrigeration,Door seal failure,Corrective,High,Evening,ENG-07,7,False,False,31,120,2.52,2.0,334.22,77.0,411.22,30,False,True,
WO-00505,2025-09-10 06:31:00,2025-09-10 11:38:00,Mechanical Room,Plumbing,Low water pressure,Corrective,Low,Overnight,ENG-08,12,False,False,226,81,5.12,1.35,154.06,51.98,206.04,240,True,True,
WO-00306,2025-09-10 07:33:00,2025-09-10 10:56:00,Kitchen,Refrigeration,Ice buildup,Corrective,Medium,Day,ENG-01,11,False,False,83,120,3.38,2.0,238.25,77.0,315.25,120,True,False,
WO-00027,2025-09-10 16:02:00,2025-09-10 19:48:00,Meeting Space,Electrical,Preventive inspection,Preventive,Low,Evening,ENG-07,11,False,False,174,52,3.77,0.87,13.56,33.49,47.05,240,True,False,
WO-00267,2025-09-11 07:10:00,2025-09-11 08:53:00,Guest Room,Plumbing,No hot water,Corrective,Medium,Day,ENG-03,6,True,False,39,64,1.72,1.07,45.08,41.2,86.28,120,True,False,4.2
WO-00228,2025-09-11 17:07:00,2025-09-11 18:46:00,Kitchen,Plumbing,Low water pressure,Corrective,Emergency,Evening,ENG-07,7,True,False,12,87,1.65,1.45,13.61,55.82,69.43,15,True,False,3.9
WO-00701,2025-09-11 17:36:00,2025-09-11 19:57:00,Kitchen,Refrigeration,Coil cleaning,Corrective,High,Evening,ENG-06,2,False,False,17,124,2.35,2.07,31.72,79.69,111.41,30,True,True,
WO-01121,2025-09-11 18:53:00,2025-09-11 21:06:00,Guest Room,HVAC,Condensate leak,Corrective,High,Evening,ENG-06,2,True,False,22,111,2.22,1.85,95.32,71.23,166.55,30,True,True,4.5
WO-00612,2025-09-12 09:39:00,2025-09-12 11:25:00,Guest Room,Plumbing,Drain blockage,Corrective,Medium,Day,ENG-04,3,False,False,52,54,1.77,0.9,66.07,34.65,100.72,120,True,False,
WO-00997,2025-09-12 11:24:00,2025-09-12 13:45:00,Mechanical Room,Plumbing,Fixture leak,Corrective,Medium,Day,ENG-02,11,True,False,57,84,2.35,1.4,55.99,53.9,109.89,120,True,True,4.1
WO-00252,2025-09-12 16:22:00,2025-09-12 18:39:00,Laundry,Plumbing,Drain blockage,Corrective,High,Evening,ENG-07,8,False,False,44,93,2.28,1.55,219.0,59.68,278.68,30,False,False,
WO-00025,2025-09-12 16:50:00,2025-09-12 20:15:00,Guest Room,Plumbing,Drain blockage,Corrective,Emergency,Evening,ENG-06,5,True,False,11,194,3.42,3.23,294.09,124.36,418.45,15,True,False,4.6
WO-00430,2025-09-13 08:45:00,2025-09-13 11:05:00,Kitchen,Refrigeration,Compressor fault,Preventive,Low,Day,ENG-04,7,True,False,59,81,2.33,1.35,56.95,51.98,108.93,240,True,False,3.9
WO-01046,2025-09-13 18:11:00,2025-09-13 20:59:00,Lobby,Plumbing,Fixture leak,Corrective,Medium,Evening,ENG-06,6,False,False,97,71,2.8,1.18,30.2,45.43,75.63,120,True,False,
WO-01149,2025-09-13 20:16:00,2025-09-13 21:37:00,Guest Room,Electrical,Control panel fault,Corrective,Emergency,Evening,ENG-06,6,False,False,12,69,1.35,1.15,130.36,44.27,174.63,15,True,True,
WO-00466,2025-09-14 00:09:00,2025-09-14 05:04:00,Guest Room,HVAC,Condensate leak,Preventive,Low,Overnight,ENG-08,11,True,False,233,62,4.92,1.03,94.49,39.66,134.15,240,True,False,4.4
WO-00723,2025-09-14 21:32:00,2025-09-14 23:36:00,Guest Room,General Maintenance,Door hardware,Corrective,Medium,Evening,ENG-06,1,True,False,61,63,2.07,1.05,22.43,40.43,62.86,120,True,False,4.2
WO-00356,2025-09-15 09:32:00,2025-09-15 11:35:00,Mechanical Room,Life Safety,Sprinkler inspection,Corrective,High,Day,ENG-03,5,False,False,22,101,2.05,1.68,84.03,64.68,148.71,30,True,False,
WO-00944,2025-09-15 16:33:00,2025-09-15 17:56:00,Meeting Space,General Maintenance,Furniture repair,Corrective,Emergency,Evening,ENG-05,9,False,False,13,70,1.38,1.17,54.1,45.04,99.14,15,True,False,
WO-00008,2025-09-15 21:59:00,2025-09-16 00:33:00,Guest Room,HVAC,Thermostat fault,Corrective,Emergency,Evening,ENG-06,4,True,False,10,144,2.57,2.4,68.34,92.4,160.74,15,True,False,4.8
WO-00959,2025-09-16 07:19:00,2025-09-16 10:32:00,Kitchen,Refrigeration,Ice buildup,Corrective,High,Day,ENG-03,3,False,False,15,178,3.22,2.97,33.95,114.35,148.3,30,True,False,
WO-00030,2025-09-16 13:58:00,2025-09-16 16:43:00,Guest Room,HVAC,Thermostat fault,Corrective,Medium,Day,ENG-04,13,True,False,67,98,2.75,1.63,217.62,62.75,280.37,120,True,True,3.8
WO-00315,2025-09-17 08:45:00,2025-09-17 10:31:00,Guest Room,Electrical,Control panel fault,Corrective,Medium,Day,ENG-02,13,True,False,39,67,1.77,1.12,104.65,43.12,147.77,120,True,False,4.6
WO-00088,2025-09-17 09:24:00,2025-09-17 14:26:00,Lobby,HVAC,Room not cooling,Corrective,Medium,Day,ENG-01,5,False,False,82,220,5.03,3.67,115.35,141.29,256.64,120,True,False,
WO-00110,2025-09-17 19:11:00,2025-09-17 23:16:00,Kitchen,HVAC,Condensate leak,Preventive,Low,Evening,ENG-07,14,False,False,157,88,4.08,1.47,22.93,56.59,79.52,240,True,False,
WO-00077,2025-09-17 23:45:00,2025-09-18 02:00:00,Guest Room,HVAC,Thermostat fault,Corrective,High,Overnight,ENG-08,16,True,True,33,102,2.25,1.7,193.44,65.45,258.89,30,False,True,3.5
WO-01078,2025-09-18 17:46:00,2025-09-18 18:56:00,Guest Room,Electrical,Preventive inspection,Corrective,High,Evening,ENG-06,9,True,True,16,54,1.17,0.9,83.89,34.65,118.54,30,True,False,4.8
WO-00492,2025-09-18 18:15:00,2025-09-18 20:02:00,Laundry,Plumbing,Preventive inspection,Preventive,Medium,Evening,ENG-06,10,False,False,59,48,1.78,0.8,5.63,30.8,36.43,120,True,False,
WO-00936,2025-09-21 01:07:00,2025-09-21 04:50:00,Lobby,HVAC,Room not cooling,Preventive,Low,Overnight,ENG-08,1,False,False,153,70,3.72,1.17,46.44,45.04,91.48,240,True,False,
WO-00921,2025-09-21 01:17:00,2025-09-21 05:08:00,Meeting Space,Life Safety,Emergency light failure,Preventive,Low,Overnight,ENG-09,7,False,False,177,54,3.85,0.9,28.22,34.65,62.87,240,True,False,
WO-01154,2025-09-21 18:36:00,2025-09-21 19:33:00,Exterior,Electrical,Control panel fault,Corrective,Emergency,Evening,ENG-05,4,True,False,10,47,0.95,0.78,135.27,30.03,165.3,15,True,False,5.0
WO-00067,2025-09-21 19:08:00,2025-09-21 21:45:00,Guest Room,Life Safety,Sprinkler inspection,Corrective,Medium,Evening,ENG-06,2,False,False,77,80,2.62,1.33,35.9,51.21,87.11,120,True,False,
WO-00510,2025-09-21 19:32:00,2025-09-21 23:50:00,Lobby,Electrical,Control panel fault,Corrective,Medium,Evening,ENG-06,17,False,False,93,165,4.3,2.75,166.89,105.88,272.77,120,True,False,
WO-00157,2025-09-21 23:32:00,2025-09-22 01:15:00,Exterior,Life Safety,Emergency light failure,Corrective,High,Overnight,ENG-08,1,False,False,18,85,1.72,1.42,62.17,54.67,116.84,30,True,False,
WO-00682,2025-09-22 16:53:00,2025-09-22 17:44:00,Guest Room,Electrical,Preventive inspection,Preventive,High,Evening,ENG-05,1,True,False,14,37,0.85,0.62,42.16,23.87,66.03,30,True,False,5.0
WO-00504,2025-09-22 20:34:00,2025-09-22 23:29:00,Mechanical Room,HVAC,Thermostat fault,Corrective,Emergency,Evening,ENG-07,9,False,False,14,161,2.92,2.68,83.42,103.18,186.6,15,True,False,
WO-01019,2025-09-23 07:24:00,2025-09-23 09:57:00,Lobby,HVAC,Room not cooling,Corrective,Medium,Day,ENG-01,1,False,False,69,84,2.55,1.4,137.55,53.9,191.45,120,True,False,
WO-00348,2025-09-23 16:51:00,2025-09-23 20:29:00,Kitchen,General Maintenance,Preventive inspection,Preventive,Low,Evening,ENG-05,4,False,False,187,31,3.63,0.52,15.72,20.02,35.74,240,True,False,
WO-00237,2025-09-23 18:42:00,2025-09-23 21:06:00,Guest Room,Plumbing,Preventive inspection,Preventive,Medium,Evening,ENG-07,9,True,False,78,66,2.4,1.1,43.13,42.35,85.48,120,True,False,4.7
WO-00019,2025-09-24 08:46:00,2025-09-24 12:37:00,Kitchen,Refrigeration,Compressor fault,Corrective,Low,Day,ENG-04,11,True,False,80,151,3.85,2.52,189.74,97.02,286.76,240,True,True,4.5
WO-00622,2025-09-24 10:33:00,2025-09-24 13:23:00,Meeting Space,HVAC,Room not cooling,Corrective,Medium,Day,ENG-01,8,False,False,43,127,2.83,2.12,292.93,81.62,374.55,120,True,True,
WO-00952,2025-09-24 13:31:00,2025-09-24 16:24:00,Guest Room,HVAC,Thermostat fault,Corrective,Medium,Day,ENG-01,15,True,False,63,110,2.88,1.83,102.19,70.45,172.64,120,True,False,4.6
WO-00822,2025-09-24 16:55:00,2025-09-24 22:14:00,Meeting Space,HVAC,Room not cooling,Corrective,Low,Evening,ENG-06,14,False,False,237,82,5.32,1.37,102.11,52.75,154.86,240,True,False,
WO-00739,2025-09-24 19:39:00,2025-09-24 22:32:00,Guest Room,HVAC,Fan motor failure,Preventive,Medium,Evening,ENG-07,1,False,False,111,62,2.88,1.03,87.66,39.66,127.32,120,True,False,
WO-00542,2025-09-25 16:25:00,2025-09-25 19:17:00,Laundry,Refrigeration,Coil cleaning,Preventive,Medium,Evening,ENG-05,4,False,False,73,99,2.87,1.65,88.46,63.52,151.98,120,True,False,
WO-00901,2025-09-26 09:13:00,2025-09-26 11:22:00,Guest Room,Plumbing,Fixture leak,Corrective,High,Day,ENG-03,6,True,True,25,104,2.15,1.73,114.03,66.61,180.64,30,True,False,4.2
WO-00405,2025-09-26 10:29:00,2025-09-26 12:49:00,Mechanical Room,Life Safety,Sprinkler inspection,Corrective,High,Day,ENG-01,9,False,False,54,86,2.33,1.43,186.13,55.05,241.18,30,False,False,
WO-00904,2025-09-26 10:56:00,2025-09-26 14:03:00,Guest Room,HVAC,Thermostat fault,Corrective,Medium,Day,ENG-03,12,False,False,27,160,3.12,2.67,165.01,102.8,267.81,120,True,False,
WO-00537,2025-09-26 19:33:00,2025-09-26 23:03:00,Meeting Space,HVAC,Filter replacement,Corrective,Medium,Evening,ENG-06,5,False,False,53,157,3.5,2.62,171.82,100.87,272.69,120,True,True,
WO-00861,2025-09-26 21:29:00,2025-09-26 23:05:00,Meeting Space,General Maintenance,Preventive inspection,Preventive,Medium,Evening,ENG-06,8,False,False,46,50,1.6,0.83,18.59,31.95,50.54,120,True,False,
WO-00458,2025-09-27 19:58:00,2025-09-27 21:53:00,Guest Room,HVAC,Fan motor failure,Corrective,High,Evening,ENG-06,4,False,False,12,103,1.92,1.72,146.87,66.22,213.09,30,True,False,
WO-00205,2025-09-27 23:09:00,2025-09-28 01:06:00,Meeting Space,Refrigeration,Ice buildup,Corrective,High,Overnight,ENG-09,10,False,False,30,87,1.95,1.45,48.04,55.82,103.86,30,True,False,
WO-01119,2025-09-30 08:44:00,2025-09-30 10:29:00,Lobby,HVAC,Room not cooling,Preventive,Medium,Day,ENG-03,10,False,False,42,63,1.75,1.05,47.52,40.43,87.95,120,True,False,
WO-00140,2025-09-30 10:50:00,2025-09-30 13:33:00,Guest Room,Electrical,Control panel fault,Corrective,Low,Day,ENG-01,5,True,False,80,83,2.72,1.38,166.19,53.13,219.32,240,True,True,4.5
WO-01106,2025-09-30 16:08:00,2025-09-30 18:28:00,Guest Room,Plumbing,Preventive inspection,Preventive,Medium,Evening,ENG-06,1,False,False,69,71,2.33,1.18,5.06,45.43,50.49,120,True,False,
WO-01123,2025-09-30 19:43:00,2025-09-30 23:47:00,Kitchen,Refrigeration,Compressor fault,Corrective,Medium,Evening,ENG-06,1,False,False,94,150,4.07,2.5,135.86,96.25,232.11,120,True,False,
WO-00785,2025-10-01 07:32:00,2025-10-01 09:32:00,Kitchen,Refrigeration,Coil cleaning,Corrective,Emergency,Day,ENG-02,11,False,False,10,110,2.0,1.83,453.73,70.45,524.18,15,True,False,
WO-00365,2025-10-01 21:23:00,2025-10-01 23:54:00,Kitchen,Refrigeration,Ice buildup,Corrective,Medium,Evening,ENG-05,2,False,False,76,75,2.52,1.25,352.26,48.12,400.38,120,True,False,
WO-01100,2025-10-02 09:40:00,2025-10-02 10:44:00,Meeting Space,General Maintenance,Preventive inspection,Preventive,High,Day,ENG-04,11,False,False,19,45,1.07,0.75,8.95,28.88,37.83,30,True,False,
WO-00487,2025-10-02 13:59:00,2025-10-02 16:39:00,Exterior,Electrical,Control panel fault,Corrective,Low,Day,ENG-04,9,False,False,101,59,2.67,0.98,80.19,37.73,117.92,240,True,False,
WO-00385,2025-10-02 17:55:00,2025-10-02 21:01:00,Guest Room,HVAC,Room not cooling,Preventive,Medium,Evening,ENG-05,8,False,False,122,64,3.1,1.07,23.66,41.2,64.86,120,False,False,
WO-01148,2025-10-03 07:34:00,2025-10-03 10:16:00,Guest Room,HVAC,Thermostat fault,Corrective,Emergency,Day,ENG-02,9,True,False,9,153,2.7,2.55,238.53,98.17,336.7,15,True,True,4.0
WO-00039,2025-10-03 10:23:00,2025-10-03 13:37:00,Mechanical Room,Refrigeration,Door seal failure,Corrective,Medium,Day,ENG-04,2,False,False,56,138,3.23,2.3,410.1,88.55,498.65,120,True,False,
WO-01047,2025-10-03 11:04:00,2025-10-03 12:50:00,Guest Room,Plumbing,No hot water,Corrective,High,Day,ENG-02,12,True,True,15,91,1.77,1.52,82.31,58.52,140.83,30,True,False,4.5
WO-01083,2025-10-03 11:56:00,2025-10-03 13:52:00,Lobby,HVAC,Fan motor failure,Corrective,High,Day,ENG-02,5,False,False,38,78,1.93,1.3,259.33,50.05,309.38,30,False,True,
WO-00225,2025-10-04 01:41:00,2025-10-04 06:48:00,Mechanical Room,HVAC,Filter replacement,Preventive,Low,Overnight,ENG-08,9,False,False,252,55,5.12,0.92,4.38,35.42,39.8,240,False,False,
WO-00589,2025-10-04 07:30:00,2025-10-04 09:28:00,Guest Room,General Maintenance,Wall or ceiling damage,Corrective,Emergency,Day,ENG-01,10,False,False,9,109,1.97,1.82,2.59,70.07,72.66,15,True,True,
WO-00415,2025-10-04 09:37:00,2025-10-04 11:57:00,Lobby,Electrical,Outlet failure,Corrective,Low,Day,ENG-02,12,False,False,69,71,2.33,1.18,51.15,45.43,96.58,240,True,False,
WO-00347,2025-10-04 11:32:00,2025-10-04 13:33:00,Exterior,Electrical,Lighting outage,Corrective,High,Day,ENG-04,6,False,False,21,100,2.02,1.67,45.32,64.3,109.62,30,True,False,
WO-00565,2025-10-04 18:09:00,2025-10-05 00:38:00,Lobby,HVAC,Fan motor failure,Corrective,Low,Evening,ENG-06,5,False,False,299,90,6.48,1.5,144.45,57.75,202.2,240,False,False,
WO-00238,2025-10-05 00:37:00,2025-10-05 02:41:00,Guest Room,General Maintenance,Door hardware,Corrective,High,Overnight,ENG-08,3,False,False,55,69,2.07,1.15,48.35,44.27,92.62,30,False,False,
WO-00973,2025-10-05 05:42:00,2025-10-05 10:55:00,Guest Room,General Maintenance,Preventive inspection,Preventive,Low,Overnight,ENG-08,13,False,False,284,29,5.22,0.48,4.84,18.48,23.32,240,False,False,
WO-00568,2025-10-05 10:17:00,2025-10-05 12:20:00,Kitchen,Refrigeration,Temperature above range,Corrective,Emergency,Day,ENG-01,2,False,False,9,114,2.05,1.9,233.4,73.15,306.55,15,True,False,
WO-00009,2025-10-05 11:21:00,2025-10-05 14:49:00,Kitchen,Refrigeration,Coil cleaning,Preventive,Low,Day,ENG-04,9,False,False,84,124,3.47,2.07,302.74,79.69,382.43,240,True,False,
WO-00532,2025-10-06 10:01:00,2025-10-06 13:14:00,Kitchen,Plumbing,Fixture leak,Corrective,Medium,Day,ENG-04,10,False,False,83,110,3.22,1.83,16.94,70.45,87.39,120,True,False,
WO-00585,2025-10-07 07:05:00,2025-10-07 09:26:00,Kitchen,Refrigeration,Temperature above range,Preventive,Medium,Day,ENG-04,13,False,False,39,102,2.35,1.7,56.72,65.45,122.17,120,True,False,
WO-00928,2025-10-07 15:57:00,2025-10-07 19:33:00,Meeting Space,Refrigeration,Compressor fault,Corrective,Low,Evening,ENG-07,12,False,False,99,117,3.6,1.95,312.53,75.08,387.61,240,True,False,
WO-00017,2025-10-07 16:42:00,2025-10-07 18:22:00,Guest Room,Plumbing,Preventive inspection,Preventive,Medium,Evening,ENG-06,10,True,False,61,39,1.67,0.65,96.36,25.03,121.39,120,True,False,3.9
WO-01056,2025-10-07 17:14:00,2025-10-07 20:46:00,Lobby,General Maintenance,Signage repair,Corrective,Low,Evening,ENG-06,16,False,False,137,75,3.53,1.25,155.42,48.12,203.54,240,True,True,
WO-00826,2025-10-07 18:23:00,2025-10-07 21:11:00,Guest Room,HVAC,Room not cooling,Corrective,Medium,Evening,ENG-06,10,True,False,66,102,2.8,1.7,389.25,65.45,454.7,120,True,False,4.3
WO-00249,2025-10-07 19:46:00,2025-10-07 23:15:00,Guest Room,HVAC,Thermostat fault,Preventive,Low,Evening,ENG-06,1,True,False,119,90,3.48,1.5,129.98,57.75,187.73,240,True,False,4.5
WO-01084,2025-10-07 20:18:00,2025-10-07 23:07:00,Guest Room,HVAC,Condensate leak,Corrective,Medium,Evening,ENG-05,3,True,False,65,104,2.82,1.73,24.47,66.61,91.08,120,True,False,4.1
WO-00850,2025-10-07 22:11:00,2025-10-08 01:35:00,Mechanical Room,Refrigeration,Coil cleaning,Preventive,Low,Evening,ENG-05,8,False,False,126,78,3.4,1.3,63.46,50.05,113.51,240,True,False,
WO-00069,2025-10-08 06:18:00,2025-10-08 09:13:00,Kitchen,Electrical,Control panel fault,Corrective,Medium,Overnight,ENG-08,4,True,False,61,114,2.92,1.9,7.92,73.15,81.07,120,True,False,4.5
WO-01200,2025-10-08 17:04:00,2025-10-08 19:32:00,Meeting Space,HVAC,Fan motor failure,Corrective,High,Evening,ENG-07,9,True,False,17,131,2.47,2.18,84.0,83.93,167.93,30,True,False,4.1
WO-00607,2025-10-08 21:14:00,2025-10-08 23:20:00,Guest Room,Plumbing,Fixture leak,Corrective,Medium,Evening,ENG-07,4,True,False,54,72,2.1,1.2,45.27,46.2,91.47,120,True,False,4.9
WO-01095,2025-10-09 00:35:00,2025-10-09 03:19:00,Mechanical Room,Refrigeration,Door seal failure,Corrective,Medium,Overnight,ENG-08,6,False,False,80,84,2.73,1.4,98.87,53.9,152.77,120,True,True,
WO-00455,2025-10-09 03:12:00,2025-10-09 04:50:00,Exterior,General Maintenance,Signage repair,Corrective,Medium,Overnight,ENG-08,8,False,False,49,49,1.63,0.82,95.54,31.57,127.11,120,True,False,
WO-01063,2025-10-09 07:14:00,2025-10-09 09:58:00,Kitchen,General Maintenance,Door hardware,Corrective,Low,Day,ENG-02,2,False,False,130,34,2.73,0.57,97.51,21.94,119.45,240,True,False,
WO-01049,2025-10-09 10:35:00,2025-10-09 13:02:00,Meeting Space,Electrical,Control panel fault,Corrective,Medium,Day,ENG-03,13,False,False,69,78,2.45,1.3,84.03,50.05,134.08,120,True,False,
WO-00941,2025-10-09 23:08:00,2025-10-10 01:36:00,Guest Room,Plumbing,Preventive inspection,Corrective,Medium,Overnight,ENG-08,8,True,False,49,99,2.47,1.65,55.07,63.52,118.59,120,True,True,4.9
WO-00584,2025-10-10 02:34:00,2025-10-10 05:33:00,Kitchen,Refrigeration,Coil cleaning,Corrective,High,Overnight,ENG-08,11,False,False,24,155,2.98,2.58,166.7,99.33,266.03,30,True,False,
WO-00374,2025-10-10 07:14:00,2025-10-10 10:08:00,Guest Room,HVAC,Room not cooling,Corrective,Medium,Day,ENG-01,7,True,False,56,118,2.9,1.97,138.92,75.84,214.76,120,True,False,4.5
WO-00276,2025-10-10 14:13:00,2025-10-10 15:25:00,Kitchen,Refrigeration,Coil cleaning,Corrective,Emergency,Day,ENG-01,1,False,False,8,64,1.2,1.07,53.6,41.2,94.8,15,True,False,
WO-00441,2025-10-11 13:30:00,2025-10-11 15:28:00,Guest Room,Electrical,Preventive inspection,Preventive,Medium,Day,ENG-03,9,True,False,55,63,1.97,1.05,19.99,40.43,60.42,120,True,False,4.4
WO-00628,2025-10-12 04:26:00,2025-10-12 07:39:00,Guest Room,HVAC,Thermostat fault,Corrective,Medium,Overnight,ENG-08,1,True,False,92,101,3.22,1.68,123.74,64.68,188.42,120,True,False,4.4
WO-00286,2025-10-12 10:37:00,2025-10-12 12:14:00,Guest Room,General Maintenance,Door hardware,Corrective,Emergency,Day,ENG-01,3,True,True,11,86,1.62,1.43,12.28,55.05,67.33,15,True,False,4.7
WO-00640,2025-10-12 12:05:00,2025-10-12 15:11:00,Lobby,HVAC,Fan motor failure,Corrective,Medium,Day,ENG-01,13,False,False,40,146,3.1,2.43,73.01,93.56,166.57,120,True,False,
WO-00840,2025-10-12 14:07:00,2025-10-12 15:42:00,Lobby,Electrical,Preventive inspection,Preventive,Medium,Day,ENG-02,7,False,False,37,58,1.58,0.97,23.39,37.34,60.73,120,True,False,
WO-00747,2025-10-12 18:34:00,2025-10-12 21:10:00,Guest Room,Plumbing,Preventive inspection,Preventive,Medium,Evening,ENG-07,8,False,False,71,85,2.6,1.42,31.65,54.67,86.32,120,True,False,
WO-01122,2025-10-12 21:00:00,2025-10-12 23:02:00,Kitchen,Plumbing,Low water pressure,Corrective,Medium,Evening,ENG-05,10,False,False,72,50,2.03,0.83,123.34,31.95,155.29,120,True,False,
WO-00226,2025-10-13 13:13:00,2025-10-13 16:15:00,Lobby,Electrical,Control panel fault,Corrective,High,Day,ENG-02,9,False,False,28,154,3.03,2.57,67.99,98.94,166.93,30,True,False,
WO-00815,2025-10-13 15:06:00,2025-10-13 16:59:00,Mechanical Room,HVAC,Room not cooling,Corrective,High,Evening,ENG-07,3,False,False,28,85,1.88,1.42,316.52,54.67,371.19,30,True,False,
WO-00445,2025-10-13 21:36:00,2025-10-13 23:05:00,Guest Room,Electrical,Outlet failure,Corrective,Medium,Evening,ENG-06,4,True,False,31,58,1.48,0.97,198.19,37.34,235.53,120,True,False,4.1
WO-00985,2025-10-14 14:40:00,2025-10-14 19:13:00,Laundry,Plumbing,Low water pressure,Corrective,Low,Day,ENG-04,6,False,False,202,71,4.55,1.18,196.17,45.43,241.6,240,True,False,
WO-00366,2025-10-14 19:17:00,2025-10-14 20:18:00,Lobby,Electrical,Control panel fault,Corrective,Emergency,Evening,ENG-07,1,False,False,12,49,1.02,0.82,109.2,31.57,140.77,15,True,False,
WO-01184,2025-10-15 08:49:00,2025-10-15 12:01:00,Mechanical Room,HVAC,Room not cooling,Preventive,Low,Day,ENG-04,8,False,False,134,58,3.2,0.97,55.07,37.34,92.41,240,True,False,
WO-00278,2025-10-15 21:25:00,2025-10-16 01:07:00,Kitchen,Plumbing,Fixture leak,Corrective,Medium,Evening,ENG-07,1,False,False,123,99,3.7,1.65,44.57,63.52,108.09,120,False,False,
WO-01011,2025-10-16 18:59:00,2025-10-16 22:10:00,Mechanical Room,HVAC,Fan motor failure,Preventive,Low,Evening,ENG-07,4,False,False,140,51,3.18,0.85,8.68,32.73,41.41,240,True,False,
WO-01116,2025-10-16 20:28:00,2025-10-16 22:55:00,Meeting Space,HVAC,Thermostat fault,Corrective,High,Evening,ENG-06,16,False,False,40,107,2.45,1.78,64.56,68.53,133.09,30,False,False,
WO-01015,2025-10-17 14:09:00,2025-10-17 15:21:00,Guest Room,Electrical,Preventive inspection,Preventive,High,Day,ENG-03,7,True,True,18,54,1.2,0.9,81.46,34.65,116.11,30,True,False,4.3
WO-00727,2025-10-17 16:09:00,2025-10-17 19:02:00,Lobby,HVAC,Filter replacement,Corrective,Medium,Evening,ENG-07,7,False,False,58,115,2.88,1.92,106.79,73.92,180.71,120,True,False,
WO-01141,2025-10-17 18:58:00,2025-10-17 23:11:00,Kitchen,Refrigeration,Temperature above range,Preventive,Low,Evening,ENG-06,9,False,False,137,116,4.22,1.93,27.84,74.3,102.14,240,True,False,
WO-00266,2025-10-17 20:23:00,2025-10-17 21:28:00,Exterior,General Maintenance,Door hardware,Corrective,High,Evening,ENG-05,3,True,False,17,48,1.08,0.8,47.45,30.8,78.25,30,True,False,4.5
WO-00120,2025-10-18 17:44:00,2025-10-18 19:53:00,Mechanical Room,Plumbing,Preventive inspection,Preventive,Medium,Evening,ENG-05,6,True,False,48,81,2.15,1.35,6.19,51.98,58.17,120,True,False,4.1
WO-00132,2025-10-18 22:25:00,2025-10-19 00:19:00,Kitchen,Electrical,Preventive inspection,Preventive,Medium,Evening,ENG-06,5,False,False,57,57,1.9,0.95,43.22,36.57,79.79,120,True,False,
WO-01147,2025-10-19 09:42:00,2025-10-19 12:06:00,Meeting Space,General Maintenance,Preventive inspection,Corrective,Emergency,Day,ENG-03,4,False,False,11,133,2.4,2.22,55.24,85.47,140.71,15,True,False,
WO-00919,2025-10-19 17:52:00,2025-10-19 19:44:00,Kitchen,Plumbing,Low water pressure,Corrective,High,Evening,ENG-06,6,False,False,20,92,1.87,1.53,70.33,58.91,129.24,30,True,False,
WO-00969,2025-10-19 19:47:00,2025-10-19 23:48:00,Guest Room,Plumbing,Preventive inspection,Preventive,Low,Evening,ENG-05,6,True,False,190,51,4.02,0.85,23.93,32.73,56.66,240,True,False,3.8
WO-00431,2025-10-20 09:45:00,2025-10-20 13:41:00,Guest Room,HVAC,Fan motor failure,Corrective,High,Day,ENG-02,1,True,True,18,218,3.93,3.63,329.04,139.75,468.79,30,True,False,4.2
WO-00235,2025-10-20 14:11:00,2025-10-20 16:23:00,Guest Room,Plumbing,Fixture leak,Corrective,Medium,Day,ENG-04,6,True,False,52,80,2.2,1.33,75.49,51.21,126.7,120,True,False,4.1
WO-00085,2025-10-20 22:25:00,2025-10-21 00:10:00,Guest Room,HVAC,Thermostat fault,Preventive,Medium,Evening,ENG-07,12,True,False,48,57,1.75,0.95,102.82,36.57,139.39,120,True,False,4.2
WO-00538,2025-10-20 22:50:00,2025-10-21 00:20:00,Lobby,Electrical,Control panel fault,Corrective,High,Evening,ENG-06,9,False,False,21,69,1.5,1.15,39.35,44.27,83.62,30,True,False,
WO-00788,2025-10-21 06:36:00,2025-10-21 08:52:00,Guest Room,Plumbing,Fixture leak,Corrective,High,Overnight,ENG-08,14,True,True,35,101,2.27,1.68,43.67,64.68,108.35,30,False,False,3.4
WO-00809,2025-10-21 10:11:00,2025-10-21 13:22:00,Guest Room,Plumbing,Preventive inspection,Corrective,Low,Day,ENG-02,6,False,False,121,70,3.18,1.17,111.15,45.04,156.19,240,True,False,
WO-01062,2025-10-21 11:04:00,2025-10-21 12:55:00,Guest Room,Electrical,Lighting outage,Corrective,High,Day,ENG-02,1,True,True,34,77,1.85,1.28,52.16,49.28,101.44,30,False,False,3.2
WO-01188,2025-10-21 12:06:00,2025-10-21 13:38:00,Guest Room,HVAC,Fan motor failure,Preventive,Low,Day,ENG-02,9,True,False,44,48,1.53,0.8,88.45,30.8,119.25,240,True,False,4.9
WO-00617,2025-10-22 03:05:00,2025-10-22 06:42:00,Meeting Space,HVAC,Thermostat fault,Corrective,Medium,Overnight,ENG-09,15,False,False,110,107,3.62,1.78,628.21,68.53,696.74,120,True,True,
WO-00269,2025-10-22 06:37:00,2025-10-22 09:15:00,Guest Room,HVAC,Condensate leak,Corrective,Medium,Overnight,ENG-09,10,True,False,65,93,2.63,1.55,123.37,59.68,183.05,120,True,False,4.2
WO-00935,2025-10-22 08:42:00,2025-10-22 10:25:00,Guest Room,General Maintenance,Furniture repair,Corrective,Medium,Day,ENG-02,16,False,False,52,51,1.72,0.85,22.97,32.73,55.7,120,True,False,
WO-00311,2025-10-22 09:19:00,2025-10-22 10:59:00,Laundry,Refrigeration,Ice buildup,Corrective,Emergency,Day,ENG-02,7,True,False,6,94,1.67,1.57,143.66,60.45,204.11,15,True,False,3.6
WO-00825,2025-10-22 10:19:00,2025-10-22 14:26:00,Mechanical Room,Refrigeration,Coil cleaning,Corrective,Low,Day,ENG-01,3,False,False,102,145,4.12,2.42,246.07,93.17,339.24,240,True,False,
WO-00957,2025-10-22 13:19:00,2025-10-22 16:19:00,Kitchen,Refrigeration,Ice buildup,Corrective,High,Day,ENG-01,8,False,False,17,163,3.0,2.72,207.28,104.72,312.0,30,True,False,
WO-00805,2025-10-22 14:13:00,2025-10-22 16:01:00,Guest Room,HVAC,Fan motor failure,Preventive,Medium,Day,ENG-03,8,True,False,43,65,1.8,1.08,52.64,41.58,94.22,120,True,False,4.3
WO-00721,2025-10-22 16:40:00,2025-10-22 18:15:00,Lobby,General Maintenance,Furniture repair,Corrective,Medium,Evening,ENG-07,14,False,False,43,52,1.58,0.87,10.43,33.49,43.92,120,True,False,
WO-01195,2025-10-22 17:51:00,2025-10-22 20:55:00,Kitchen,Refrigeration,Temperature above range,Corrective,Medium,Evening,ENG-06,6,False,False,43,141,3.07,2.35,392.64,90.48,483.12,120,True,False,
WO-00437,2025-10-23 01:10:00,2025-10-23 04:02:00,Kitchen,Electrical,Breaker trip,Corrective,Low,Overnight,ENG-09,8,False,False,124,48,2.87,0.8,146.05,30.8,176.85,240,True,False,
WO-00195,2025-10-23 08:42:00,2025-10-23 10:31:00,Guest Room,General Maintenance,Preventive inspection,Preventive,Medium,Day,ENG-01,5,False,False,74,35,1.82,0.58,20.35,22.33,42.68,120,True,False,
WO-00942,2025-10-23 09:40:00,2025-10-23 11:38:00,Guest Room,Plumbing,Drain blockage,Corrective,High,Day,ENG-03,12,False,False,29,89,1.97,1.48,107.51,56.98,164.49,30,True,True,
WO-00992,2025-10-23 16:55:00,2025-10-23 20:56:00,Kitchen,Refrigeration,Compressor fault,Corrective,Medium,Evening,ENG-06,11,False,False,119,122,4.02,2.03,47.78,78.15,125.93,120,True,False,
WO-01120,2025-10-23 18:56:00,2025-10-23 23:32:00,Mechanical Room,HVAC,Filter replacement,Preventive,Low,Evening,ENG-06,8,False,False,193,83,4.6,1.38,36.73,53.13,89.86,240,True,False,
WO-00472,2025-10-24 09:27:00,2025-10-24 12:27:00,Guest Room,Plumbing,Preventive inspection,Corrective,Medium,Day,ENG-02,12,False,False,51,129,3.0,2.15,64.53,82.77,147.3,120,True,True,
WO-00947,2025-10-24 20:45:00,2025-10-24 23:24:00,Guest Room,HVAC,Fan motor failure,Preventive,Medium,Evening,ENG-06,11,False,False,51,108,2.65,1.8,74.71,69.3,144.01,120,True,False,
WO-01010,2025-10-25 07:24:00,2025-10-25 09:29:00,Guest Room,General Maintenance,Door hardware,Corrective,Medium,Day,ENG-04,8,True,False,76,49,2.08,0.82,17.55,31.57,49.12,120,True,False,3.8
WO-01036,2025-10-25 08:24:00,2025-10-25 11:10:00,Guest Room,HVAC,Condensate leak,Corrective,High,Day,ENG-01,9,True,False,13,153,2.77,2.55,13.84,98.17,112.01,30,True,False,4.5
WO-00391,2025-10-25 13:20:00,2025-10-25 15:55:00,Guest Room,HVAC,Thermostat fault,Corrective,High,Day,ENG-01,12,True,True,25,130,2.58,2.17,248.15,83.55,331.7,30,True,False,4.4
WO-00001,2025-10-25 19:17:00,2025-10-25 22:14:00,Mechanical Room,HVAC,Fan motor failure,Preventive,Low,Evening,ENG-05,7,False,False,123,54,2.95,0.9,95.33,34.65,129.98,240,True,False,
WO-01091,2025-10-25 22:27:00,2025-10-26 01:31:00,Lobby,HVAC,Room not cooling,Preventive,Medium,Evening,ENG-07,7,False,False,115,69,3.07,1.15,22.0,44.27,66.27,120,True,False,
WO-00338,2025-10-27 20:10:00,2025-10-27 22:45:00,Guest Room,HVAC,Fan motor failure,Preventive,Medium,Evening,ENG-06,3,True,False,54,101,2.58,1.68,114.27,64.68,178.95,120,True,False,4.2
WO-00648,2025-10-27 21:42:00,2025-10-28 00:20:00,Guest Room,Electrical,Preventive inspection,Preventive,Low,Evening,ENG-07,9,True,False,95,63,2.63,1.05,19.65,40.43,60.08,240,True,False,4.7
WO-01002,2025-10-28 08:42:00,2025-10-28 10:03:00,Guest Room,General Maintenance,Preventive inspection,Corrective,Medium,Day,ENG-04,4,True,False,37,44,1.35,0.73,33.83,28.11,61.94,120,True,True,4.4
WO-00382,2025-10-28 08:44:00,2025-10-28 13:15:00,Guest Room,HVAC,Filter replacement,Corrective,Medium,Day,ENG-03,8,True,False,61,210,4.52,3.5,175.37,134.75,310.12,120,True,False,3.9
WO-00544,2025-10-28 12:43:00,2025-10-28 14:52:00,Kitchen,Refrigeration,Coil cleaning,Corrective,High,Day,ENG-03,8,False,False,23,106,2.15,1.77,117.1,68.14,185.24,30,True,False,
WO-00976,2025-10-28 19:39:00,2025-10-28 22:05:00,Guest Room,General Maintenance,Preventive inspection,Corrective,Medium,Evening,ENG-07,12,True,False,82,64,2.43,1.07,82.78,41.2,123.98,120,True,False,3.9
WO-00982,2025-10-29 13:30:00,2025-10-29 16:04:00,Guest Room,Life Safety,Panel communication fault,Corrective,High,Day,ENG-02,13,True,True,46,108,2.57,1.8,37.91,69.3,107.21,30,False,False,4.2
WO-00667,2025-10-30 16:58:00,2025-10-30 20:00:00,Guest Room,Plumbing,Preventive inspection,Preventive,Low,Evening,ENG-06,7,True,False,134,48,3.03,0.8,35.16,30.8,65.96,240,True,False,4.5
WO-00449,2025-10-30 20:39:00,2025-10-30 23:05:00,Mechanical Room,Refrigeration,Temperature above range,Corrective,Emergency,Evening,ENG-05,4,False,False,20,126,2.43,2.1,349.86,80.85,430.71,15,False,False,
WO-00043,2025-10-31 00:41:00,2025-10-31 01:57:00,Exterior,General Maintenance,Furniture repair,Corrective,High,Overnight,ENG-08,1,True,False,36,40,1.27,0.67,7.77,25.8,33.57,30,False,False,3.7
WO-00521,2025-11-01 07:53:00,2025-11-01 09:23:00,Kitchen,Plumbing,Fixture leak,Corrective,Emergency,Day,ENG-04,2,False,False,11,79,1.5,1.32,221.82,50.82,272.64,15,True,False,
WO-00713,2025-11-01 08:14:00,2025-11-01 09:25:00,Guest Room,General Maintenance,Door hardware,Corrective,High,Day,ENG-02,1,False,False,21,50,1.18,0.83,42.57,31.95,74.52,30,True,False,
WO-00021,2025-11-01 13:45:00,2025-11-01 16:33:00,Guest Room,HVAC,Room not cooling,Preventive,Low,Day,ENG-01,10,True,False,96,72,2.8,1.2,26.35,46.2,72.55,240,True,True,4.7
WO-00317,2025-11-01 17:28:00,2025-11-01 20:43:00,Guest Room,HVAC,Room not cooling,Preventive,Low,Evening,ENG-06,8,True,False,146,49,3.25,0.82,52.42,31.57,83.99,240,True,False,4.2
WO-00254,2025-11-01 17:39:00,2025-11-01 21:20:00,Guest Room,HVAC,Fan motor failure,Preventive,Low,Evening,ENG-05,13,True,False,126,95,3.68,1.58,99.2,60.83,160.03,240,True,False,4.5
WO-00244,2025-11-02 01:01:00,2025-11-02 05:01:00,Guest Room,HVAC,Thermostat fault,Corrective,Medium,Overnight,ENG-08,9,True,False,129,111,4.0,1.85,431.77,71.23,503.0,120,False,False,3.2
WO-00567,2025-11-02 06:40:00,2025-11-02 08:53:00,Guest Room,HVAC,Condensate leak,Corrective,High,Overnight,ENG-08,8,True,True,42,91,2.22,1.52,10.87,58.52,69.39,30,False,False,3.6
WO-00361,2025-11-02 10:44:00,2025-11-02 12:58:00,Meeting Space,HVAC,Thermostat fault,Corrective,Medium,Day,ENG-02,6,True,False,73,61,2.23,1.02,93.27,39.27,132.54,120,True,False,4.2
WO-00853,2025-11-02 21:19:00,2025-11-02 23:00:00,Exterior,Electrical,Lighting outage,Corrective,High,Evening,ENG-05,3,False,False,17,84,1.68,1.4,73.51,53.9,127.41,30,True,False,
WO-00301,2025-11-03 14:58:00,2025-11-03 18:24:00,Meeting Space,Electrical,Outlet failure,Corrective,Low,Day,ENG-01,6,False,False,145,61,3.43,1.02,59.94,39.27,99.21,240,True,False,
WO-00316,2025-11-04 11:01:00,2025-11-04 13:19:00,Meeting Space,General Maintenance,Signage repair,Corrective,Low,Day,ENG-04,1,False,False,101,37,2.3,0.62,5.04,23.87,28.91,240,True,False,
WO-00057,2025-11-04 11:02:00,2025-11-04 12:44:00,Mechanical Room,Plumbing,Fixture leak,Corrective,High,Day,ENG-01,8,True,False,22,80,1.7,1.33,159.54,51.21,210.75,30,True,False,4.6
WO-00078,2025-11-04 14:54:00,2025-11-04 17:38:00,Mechanical Room,HVAC,Thermostat fault,Corrective,Medium,Day,ENG-01,7,False,False,48,116,2.73,1.93,148.24,74.3,222.54,120,True,False,
WO-00294,2025-11-04 16:15:00,2025-11-04 19:29:00,Kitchen,Refrigeration,Compressor fault,Preventive,Medium,Evening,ENG-07,14,False,False,76,118,3.23,1.97,21.56,75.84,97.4,120,True,False,
WO-00773,2025-11-04 17:18:00,2025-11-04 19:03:00,Exterior,General Maintenance,Preventive inspection,Preventive,Medium,Evening,ENG-07,15,False,False,54,51,1.75,0.85,46.03,32.73,78.76,120,True,False,
WO-00549,2025-11-04 18:22:00,2025-11-04 20:37:00,Guest Room,Plumbing,Preventive inspection,Corrective,High,Evening,ENG-07,8,True,False,11,124,2.25,2.07,119.17,79.69,198.86,30,True,False,4.0
WO-00400,2025-11-04 19:22:00,2025-11-04 22:05:00,Kitchen,Refrigeration,Coil cleaning,Corrective,Medium,Evening,ENG-05,6,False,False,37,126,2.72,2.1,14.86,80.85,95.71,120,True,False,
WO-00304,2025-11-05 06:26:00,2025-11-05 08:14:00,Guest Room,Plumbing,Drain blockage,Corrective,High,Overnight,ENG-09,5,True,False,31,77,1.8,1.28,2.96,49.28,52.24,30,False,False,2.9
WO-01142,2025-11-05 14:56:00,2025-11-05 17:27:00,Mechanical Room,Life Safety,Exit sign failure,Corrective,Medium,Day,ENG-03,1,False,False,48,103,2.52,1.72,113.83,66.22,180.05,120,True,False,
WO-00259,2025-11-05 16:59:00,2025-11-05 20:35:00,Lobby,Electrical,Lighting outage,Corrective,Low,Evening,ENG-07,11,False,False,147,69,3.6,1.15,29.47,44.27,73.74,240,True,False,
WO-00164,2025-11-05 18:34:00,2025-11-05 20:33:00,Guest Room,General Maintenance,Door hardware,Corrective,Medium,Evening,ENG-07,14,True,False,71,48,1.98,0.8,15.78,30.8,46.58,120,True,False,4.3
WO-00868,2025-11-05 19:23:00,2025-11-05 21:47:00,Guest Room,HVAC,Fan motor failure,Corrective,Medium,Evening,ENG-05,5,True,False,53,91,2.4,1.52,106.46,58.52,164.98,120,True,False,4.6
WO-00893,2025-11-06 05:41:00,2025-11-06 08:11:00,Meeting Space,Refrigeration,Compressor fault,Preventive,Medium,Overnight,ENG-09,3,False,False,91,59,2.5,0.98,101.76,37.73,139.49,120,True,False,
WO-00213,2025-11-06 09:52:00,2025-11-06 10:57:00,Guest Room,General Maintenance,Door hardware,Corrective,High,Day,ENG-01,4,True,True,26,39,1.08,0.65,17.15,25.03,42.18,30,True,True,4.9
WO-00188,2025-11-06 15:39:00,2025-11-06 18:36:00,Guest Room,Electrical,Preventive inspection,Corrective,Medium,Evening,ENG-05,13,True,False,80,97,2.95,1.62,95.07,62.37,157.44,120,True,False,4.8
WO-00512,2025-11-06 16:43:00,2025-11-06 19:01:00,Laundry,Plumbing,Fixture leak,Corrective,Medium,Evening,ENG-05,6,False,False,46,92,2.3,1.53,85.25,58.91,144.16,120,True,False,
WO-00860,2025-11-06 17:52:00,2025-11-06 19:01:00,Guest Room,Plumbing,Fixture leak,Corrective,High,Evening,ENG-05,7,True,False,15,54,1.15,0.9,83.58,34.65,118.23,30,True,False,4.8
WO-00373,2025-11-06 23:31:00,2025-11-07 05:15:00,Guest Room,HVAC,Room not cooling,Corrective,Low,Overnight,ENG-09,15,False,False,180,164,5.73,2.73,214.42,105.11,319.53,240,True,False,
WO-00341,2025-11-07 12:13:00,2025-11-07 14:18:00,Guest Room,Plumbing,Fixture leak,Corrective,Emergency,Day,ENG-01,1,False,False,10,115,2.08,1.92,99.48,73.92,173.4,15,True,False,
WO-00024,2025-11-07 19:50:00,2025-11-07 23:38:00,Guest Room,HVAC,Thermostat fault,Preventive,Low,Evening,ENG-07,8,False,False,160,68,3.8,1.13,9.59,43.5,53.09,240,True,False,
WO-00372,2025-11-08 08:37:00,2025-11-08 10:54:00,Mechanical Room,Plumbing,Fixture leak,Corrective,Medium,Day,ENG-02,17,False,False,45,92,2.28,1.53,150.07,58.91,208.98,120,True,False,
WO-00742,2025-11-08 12:57:00,2025-11-08 15:49:00,Kitchen,Refrigeration,Door seal failure,Corrective,Medium,Day,ENG-03,7,False,False,61,111,2.87,1.85,148.28,71.23,219.51,120,True,False,
WO-00335,2025-11-08 16:20:00,2025-11-08 18:09:00,Mechanical Room,HVAC,Thermostat fault,Corrective,High,Evening,ENG-05,8,False,False,22,87,1.82,1.45,77.91,55.82,133.73,30,True,False,
WO-01054,2025-11-08 17:57:00,2025-11-08 20:15:00,Guest Room,Plumbing,Drain blockage,Corrective,Medium,Evening,ENG-06,3,True,False,47,91,2.3,1.52,66.37,58.52,124.89,120,True,False,4.5
WO-00657,2025-11-09 09:14:00,2025-11-09 13:18:00,Laundry,Refrigeration,Door seal failure,Corrective,Medium,Day,ENG-01,4,False,False,93,151,4.07,2.52,213.2,97.02,310.22,120,True,False,
WO-00187,2025-11-10 07:55:00,2025-11-10 10:13:00,Exterior,Electrical,Outlet failure,Corrective,Medium,Day,ENG-02,5,False,False,39,99,2.3,1.65,110.72,63.52,174.24,120,True,False,
WO-00464,2025-11-10 21:44:00,2025-11-11 01:43:00,Mechanical Room,HVAC,Thermostat fault,Corrective,Low,Evening,ENG-06,9,False,False,158,81,3.98,1.35,79.5,51.98,131.48,240,True,False,
WO-00867,2025-11-11 07:49:00,2025-11-11 10:28:00,Kitchen,Refrigeration,Ice buildup,Corrective,Medium,Day,ENG-03,4,False,False,43,116,2.65,1.93,130.17,74.3,204.47,120,True,False,
WO-00819,2025-11-11 13:04:00,2025-11-11 15:38:00,Guest Room,HVAC,Room not cooling,Corrective,Medium,Day,ENG-04,12,True,False,50,104,2.57,1.73,207.76,66.61,274.37,120,True,False,5.0
WO-00112,2025-11-11 19:05:00,2025-11-11 22:43:00,Guest Room,HVAC,Filter replacement,Corrective,Medium,Evening,ENG-06,14,True,False,62,156,3.63,2.6,56.49,100.1,156.59,120,True,False,4.1
WO-00339,2025-11-11 20:24:00,2025-11-11 22:53:00,Kitchen,Refrigeration,Compressor fault,Corrective,Medium,Evening,ENG-07,11,False,False,49,100,2.48,1.67,192.4,64.3,256.7,120,True,False,
WO-00955,2025-11-12 08:54:00,2025-11-12 11:33:00,Guest Room,HVAC,Fan motor failure,Preventive,Low,Day,ENG-04,9,True,False,94,65,2.65,1.08,73.04,41.58,114.62,240,True,False,4.7
WO-00099,2025-11-12 09:34:00,2025-11-12 14:04:00,Mechanical Room,Refrigeration,Door seal failure,Corrective,Low,Day,ENG-01,6,False,False,111,159,4.5,2.65,108.45,102.02,210.47,240,True,False,
WO-00780,2025-11-13 08:03:00,2025-11-13 11:14:00,Mechanical Room,Plumbing,Preventive inspection,Corrective,Low,Day,ENG-03,2,False,False,97,94,3.18,1.57,97.11,60.45,157.56,240,True,False,
WO-00463,2025-11-14 09:26:00,2025-11-14 12:01:00,Guest Room,Plumbing,Preventive inspection,Preventive,Medium,Day,ENG-02,4,True,False,120,35,2.58,0.58,11.62,22.33,33.95,120,True,False,3.8
WO-00211,2025-11-14 10:59:00,2025-11-14 14:27:00,Kitchen,Refrigeration,Compressor fault,Corrective,Medium,Day,ENG-03,10,False,False,55,153,3.47,2.55,408.63,98.17,506.8,120,True,False,
WO-00265,2025-11-14 11:03:00,2025-11-14 12:43:00,Guest Room,HVAC,Room not cooling,Corrective,High,Day,ENG-01,12,True,True,20,80,1.67,1.33,81.51,51.21,132.72,30,True,True,4.4
WO-00508,2025-11-14 17:40:00,2025-11-14 19:15:00,Guest Room,Plumbing,Fixture leak,Corrective,High,Evening,ENG-06,3,True,True,17,78,1.58,1.3,62.03,50.05,112.08,30,True,False,4.1
WO-00121,2025-11-15 15:23:00,2025-11-15 18:05:00,Kitchen,Refrigeration,Ice buildup,Corrective,Emergency,Evening,ENG-07,16,False,False,16,146,2.7,2.43,97.79,93.56,191.35,15,False,True,
WO-00324,2025-11-15 16:01:00,2025-11-15 17:22:00,Guest Room,General Maintenance,Preventive inspection,Preventive,Medium,Evening,ENG-05,12,True,False,35,46,1.35,0.77,24.52,29.64,54.16,120,True,False,4.8
WO-00717,2025-11-15 17:02:00,2025-11-15 19:44:00,Guest Room,Life Safety,Emergency light failure,Preventive,Low,Evening,ENG-05,11,True,False,115,47,2.7,0.78,50.77,30.03,80.8,240,True,False,4.6
WO-00026,2025-11-16 09:57:00,2025-11-16 13:21:00,Guest Room,HVAC,Filter replacement,Corrective,Low,Day,ENG-03,4,False,False,118,86,3.4,1.43,3.55,55.05,58.6,240,True,False,
WO-00577,2025-11-16 12:53:00,2025-11-16 15:49:00,Guest Room,HVAC,Filter replacement,Preventive,Medium,Day,ENG-04,2,True,False,54,122,2.93,2.03,14.57,78.15,92.72,120,True,False,4.4
WO-00837,2025-11-16 19:35:00,2025-11-16 22:12:00,Mechanical Room,Life Safety,Panel communication fault,Corrective,Medium,Evening,ENG-06,2,False,False,46,111,2.62,1.85,88.97,71.23,160.2,120,True,False,
WO-00481,2025-11-16 20:27:00,2025-11-17 00:31:00,Guest Room,HVAC,Room not cooling,Corrective,High,Evening,ENG-07,10,True,False,23,221,4.07,3.68,81.4,141.68,223.08,30,True,False,3.5
WO-00011,2025-11-17 03:00:00,2025-11-17 05:52:00,Laundry,Plumbing,Preventive inspection,Preventive,Medium,Overnight,ENG-08,5,False,False,98,74,2.87,1.23,66.76,47.35,114.11,120,True,False,
WO-00945,2025-11-17 07:15:00,2025-11-17 09:25:00,Guest Room,Electrical,Control panel fault,Corrective,Medium,Day,ENG-01,5,True,False,36,94,2.17,1.57,176.98,60.45,237.43,120,True,False,4.4
WO-00998,2025-11-17 08:02:00,2025-11-17 09:27:00,Lobby,Electrical,Breaker trip,Corrective,High,Day,ENG-01,10,False,False,18,67,1.42,1.12,80.51,43.12,123.63,30,True,False,
WO-00012,2025-11-17 13:14:00,2025-11-17 15:48:00,Kitchen,HVAC,Thermostat fault,Corrective,Medium,Day,ENG-03,3,False,False,76,78,2.57,1.3,62.9,50.05,112.95,120,True,True,
WO-00915,2025-11-17 15:06:00,2025-11-17 16:23:00,Exterior,General Maintenance,Wall or ceiling damage,Corrective,High,Evening,ENG-07,6,True,False,34,43,1.28,0.72,43.04,27.72,70.76,30,False,True,3.1
WO-00937,2025-11-18 10:50:00,2025-11-18 12:15:00,Guest Room,General Maintenance,Signage repair,Corrective,Medium,Day,ENG-01,7,True,False,38,47,1.42,0.78,79.47,30.03,109.5,120,True,False,5.0
WO-00596,2025-11-18 14:28:00,2025-11-18 16:06:00,Kitchen,Electrical,Breaker trip,Corrective,Medium,Day,ENG-03,9,False,False,37,61,1.63,1.02,88.65,39.27,127.92,120,True,False,
WO-00362,2025-11-18 15:05:00,2025-11-18 19:04:00,Lobby,HVAC,Thermostat fault,Corrective,High,Evening,ENG-05,19,False,False,38,201,3.98,3.35,477.7,128.97,606.67,30,False,False,
WO-00553,2025-11-18 16:18:00,2025-11-18 21:37:00,Meeting Space,Electrical,Control panel fault,Corrective,Medium,Evening,ENG-06,7,False,False,151,168,5.32,2.8,67.68,107.8,175.48,120,False,False,
WO-00836,2025-11-18 23:40:00,2025-11-19 04:17:00,Kitchen,Refrigeration,Compressor fault,Corrective,Medium,Overnight,ENG-09,11,False,False,78,199,4.62,3.32,729.82,127.82,857.64,120,True,True,
WO-00920,2025-11-19 08:09:00,2025-11-19 09:06:00,Guest Room,General Maintenance,Wall or ceiling damage,Corrective,Emergency,Day,ENG-03,1,True,True,7,50,0.95,0.83,45.08,31.95,77.03,15,True,False,4.0
WO-00149,2025-11-19 09:19:00,2025-11-19 13:16:00,Guest Room,General Maintenance,Preventive inspection,Preventive,Low,Day,ENG-03,5,True,False,175,62,3.95,1.03,15.78,39.66,55.44,240,True,False,3.7
WO-00573,2025-11-19 09:50:00,2025-11-19 12:33:00,Mechanical Room,Plumbing,Fixture leak,Corrective,Emergency,Day,ENG-01,10,False,False,9,154,2.72,2.57,106.4,98.94,205.34,15,True,False,
WO-00711,2025-11-19 10:38:00,2025-11-19 11:38:00,Kitchen,General Maintenance,Wall or ceiling damage,Corrective,Emergency,Day,ENG-04,7,False,False,14,46,1.0,0.77,86.1,29.64,115.74,15,True,False,
WO-01104,2025-11-20 10:23:00,2025-11-20 13:11:00,Guest Room,HVAC,Fan motor failure,Preventive,Low,Day,ENG-01,7,False,False,124,44,2.8,0.73,134.7,28.11,162.81,240,True,False,
WO-00358,2025-11-20 18:07:00,2025-11-20 21:01:00,Guest Room,Plumbing,Preventive inspection,Preventive,Low,Evening,ENG-06,10,False,False,120,54,2.9,0.9,11.24,34.65,45.89,240,True,False,
WO-00256,2025-11-20 23:02:00,2025-11-21 02:41:00,Guest Room,Electrical,Outlet failure,Corrective,Low,Overnight,ENG-09,3,False,False,136,83,3.65,1.38,61.44,53.13,114.57,240,True,False,
WO-00974,2025-11-20 23:54:00,2025-11-21 01:41:00,Lobby,Electrical,Preventive inspection,Corrective,High,Overnight,ENG-08,1,False,False,38,69,1.78,1.15,189.61,44.27,233.88,30,False,False,
WO-01192,2025-11-21 08:21:00,2025-11-21 09:28:00,Kitchen,General Maintenance,Door hardware,Corrective,Emergency,Day,ENG-02,6,False,False,6,61,1.12,1.02,80.13,39.27,119.4,15,True,False,
WO-00958,2025-11-21 10:39:00,2025-11-21 13:14:00,Guest Room,Plumbing,Preventive inspection,Corrective,Medium,Day,ENG-01,7,False,False,65,90,2.58,1.5,63.53,57.75,121.28,120,True,True,
WO-00185,2025-11-22 05:01:00,2025-11-22 08:15:00,Guest Room,HVAC,Room not cooling,Preventive,Medium,Overnight,ENG-08,6,True,False,97,97,3.23,1.62,27.38,62.37,89.75,120,True,False,4.1
WO-01070,2025-11-22 05:25:00,2025-11-22 09:39:00,Meeting Space,Electrical,Breaker trip,Corrective,Medium,Overnight,ENG-09,6,True,False,121,133,4.23,2.22,208.39,85.47,293.86,120,False,False,3.3
WO-00776,2025-11-22 10:22:00,2025-11-22 12:36:00,Guest Room,HVAC,Filter replacement,Corrective,High,Day,ENG-03,1,True,True,57,77,2.23,1.28,78.69,49.28,127.97,30,False,False,3.6
WO-00731,2025-11-22 10:46:00,2025-11-22 12:56:00,Laundry,Refrigeration,Coil cleaning,Corrective,High,Day,ENG-04,9,False,False,31,99,2.17,1.65,90.94,63.52,154.46,30,False,False,
WO-00781,2025-11-22 14:34:00,2025-11-22 16:42:00,Kitchen,Electrical,Preventive inspection,Corrective,Medium,Day,ENG-02,9,True,False,58,70,2.13,1.17,168.53,45.04,213.57,120,True,False,4.5
WO-00970,2025-11-23 08:05:00,2025-11-23 10:13:00,Guest Room,HVAC,Fan motor failure,Corrective,Medium,Day,ENG-03,2,False,False,52,76,2.13,1.27,183.89,48.9,232.79,120,True,False,
WO-01153,2025-11-23 08:54:00,2025-11-23 11:25:00,Guest Room,Electrical,Breaker trip,Corrective,Medium,Day,ENG-03,6,False,False,62,89,2.52,1.48,64.23,56.98,121.21,120,True,False,
WO-00767,2025-11-23 11:55:00,2025-11-23 14:17:00,Guest Room,Plumbing,Drain blockage,Corrective,Medium,Day,ENG-03,1,True,False,56,86,2.37,1.43,45.53,55.05,100.58,120,True,False,4.8
WO-00380,2025-11-24 08:21:00,2025-11-24 10:33:00,Kitchen,Plumbing,Fixture leak,Corrective,Medium,Day,ENG-01,9,False,False,70,62,2.2,1.03,26.53,39.66,66.19,120,True,False,
WO-01176,2025-11-24 17:14:00,2025-11-24 20:56:00,Mechanical Room,Plumbing,Low water pressure,Corrective,Low,Evening,ENG-06,3,False,False,149,73,3.7,1.22,194.66,46.97,241.63,240,True,False,
WO-00295,2025-11-24 18:05:00,2025-11-24 19:49:00,Guest Room,General Maintenance,Preventive inspection,Preventive,Low,Evening,ENG-05,5,False,False,73,31,1.73,0.52,4.4,20.02,24.42,240,True,False,
WO-00687,2025-11-25 09:17:00,2025-11-25 12:22:00,Guest Room,Life Safety,Exit sign failure,Corrective,Medium,Day,ENG-02,12,False,False,50,135,3.08,2.25,221.16,86.62,307.78,120,True,True,
WO-00653,2025-11-25 09:56:00,2025-11-25 13:07:00,Lobby,General Maintenance,Signage repair,Corrective,Low,Day,ENG-04,5,False,False,134,57,3.18,0.95,14.06,36.57,50.63,240,True,False,
WO-00707,2025-11-25 14:53:00,2025-11-25 17:10:00,Kitchen,Refrigeration,Ice buildup,Corrective,High,Day,ENG-01,3,True,False,18,119,2.28,1.98,81.36,76.23,157.59,30,True,True,4.1
WO-00599,2025-11-25 16:02:00,2025-11-25 18:45:00,Lobby,HVAC,Fan motor failure,Corrective,High,Evening,ENG-07,3,True,False,17,146,2.72,2.43,160.9,93.56,254.46,30,True,False,4.3
WO-01024,2025-11-25 17:48:00,2025-11-25 22:40:00,Guest Room,Life Safety,Exit sign failure,Preventive,Low,Evening,ENG-07,9,True,False,244,48,4.87,0.8,135.77,30.8,166.57,240,False,False,3.6
WO-00488,2025-11-26 01:34:00,2025-11-26 02:44:00,Kitchen,General Maintenance,Wall or ceiling damage,Corrective,High,Overnight,ENG-08,5,False,False,17,53,1.17,0.88,33.3,33.88,67.18,30,True,False,
WO-00624,2025-11-26 07:23:00,2025-11-26 09:42:00,Guest Room,HVAC,Room not cooling,Corrective,Medium,Day,ENG-03,9,True,False,39,100,2.32,1.67,107.28,64.3,171.58,120,True,False,3.8
WO-00424,2025-11-26 09:49:00,2025-11-26 11:40:00,Exterior,General Maintenance,Wall or ceiling damage,Corrective,High,Day,ENG-03,7,False,False,28,83,1.85,1.38,7.37,53.13,60.5,30,True,False,
WO-00053,2025-11-26 10:43:00,2025-11-26 12:30:00,Kitchen,General Maintenance,Door hardware,Corrective,High,Day,ENG-02,14,False,False,26,81,1.78,1.35,26.28,51.98,78.26,30,True,False,
WO-00138,2025-11-26 12:32:00,2025-11-26 13:45:00,Exterior,Electrical,Outlet failure,Corrective,Emergency,Day,ENG-02,10,False,False,6,67,1.22,1.12,4.58,43.12,47.7,15,True,False,
WO-00635,2025-11-26 14:33:00,2025-11-26 16:31:00,Laundry,Plumbing,Fixture leak,Corrective,Medium,Day,ENG-03,1,True,False,62,56,1.97,0.93,59.85,35.8,95.65,120,True,False,4.4
WO-00293,2025-11-26 17:00:00,2025-11-26 18:47:00,Exterior,Life Safety,Panel communication fault,Preventive,Medium,Evening,ENG-07,1,False,False,43,64,1.78,1.07,161.7,41.2,202.9,120,True,False,
WO-00426,2025-11-27 17:17:00,2025-11-27 18:58:00,Meeting Space,General Maintenance,Wall or ceiling damage,Corrective,Medium,Evening,ENG-07,11,False,False,58,43,1.68,0.72,49.62,27.72,77.34,120,True,False,
WO-00602,2025-11-28 11:38:00,2025-11-28 13:29:00,Guest Room,Plumbing,Drain blockage,Corrective,Medium,Day,ENG-03,1,False,False,41,70,1.85,1.17,159.11,45.04,204.15,120,True,False,
WO-01037,2025-11-28 18:00:00,2025-11-28 22:51:00,Guest Room,HVAC,Thermostat fault,Corrective,Low,Evening,ENG-06,13,True,False,145,146,4.85,2.43,43.15,93.56,136.71,240,True,False,4.4
WO-00679,2025-11-28 18:40:00,2025-11-28 21:14:00,Kitchen,Plumbing,Fixture leak,Corrective,Medium,Evening,ENG-05,9,True,False,48,106,2.57,1.77,151.4,68.14,219.54,120,True,False,4.4
WO-00459,2025-11-28 23:19:00,2025-11-29 04:05:00,Kitchen,Refrigeration,Ice buildup,Preventive,Low,Overnight,ENG-09,10,False,False,159,127,4.77,2.12,226.38,81.62,308.0,240,True,False,
WO-00611,2025-11-29 01:26:00,2025-11-29 05:22:00,Lobby,HVAC,Room not cooling,Corrective,Low,Overnight,ENG-08,10,True,False,94,142,3.93,2.37,181.52,91.25,272.77,240,True,False,3.8
WO-00613,2025-11-29 12:43:00,2025-11-29 14:53:00,Mechanical Room,Life Safety,Exit sign failure,Corrective,Medium,Day,ENG-01,6,False,False,39,91,2.17,1.52,176.35,58.52,234.87,120,True,False,
WO-00642,2025-11-29 14:10:00,2025-11-29 15:54:00,Meeting Space,Electrical,Control panel fault,Corrective,High,Day,ENG-03,6,False,False,22,82,1.73,1.37,33.25,52.75,86.0,30,True,False,
WO-00160,2025-11-29 20:21:00,2025-11-29 21:13:00,Guest Room,General Maintenance,Signage repair,Corrective,High,Evening,ENG-07,5,True,False,19,33,0.87,0.55,83.8,21.18,104.98,30,True,False,5.0
WO-00983,2025-11-30 15:07:00,2025-11-30 19:04:00,Guest Room,HVAC,Fan motor failure,Preventive,Low,Evening,ENG-07,13,True,False,181,56,3.95,0.93,47.55,35.8,83.35,240,True,False,3.8
WO-00436,2025-12-01 10:38:00,2025-12-01 14:53:00,Kitchen,Refrigeration,Compressor fault,Corrective,Medium,Day,ENG-02,8,False,False,81,174,4.25,2.9,56.49,111.65,168.14,120,True,False,
WO-00688,2025-12-01 13:46:00,2025-12-01 16:50:00,Meeting Space,Refrigeration,Ice buildup,Corrective,Emergency,Day,ENG-03,6,False,False,14,170,3.07,2.83,138.49,108.95,247.44,15,True,False,
WO-00946,2025-12-01 17:19:00,2025-12-01 19:33:00,Guest Room,HVAC,Fan motor failure,Corrective,Medium,Evening,ENG-06,12,True,False,31,103,2.23,1.72,261.55,66.22,327.77,120,True,False,4.4
WO-00243,2025-12-02 08:27:00,2025-12-02 11:01:00,Lobby,General Maintenance,Preventive inspection,Corrective,Medium,Day,ENG-02,7,False,False,121,33,2.57,0.55,72.29,21.18,93.47,120,False,True,
WO-01115,2025-12-02 11:45:00,2025-12-02 14:50:00,Guest Room,HVAC,Thermostat fault,Preventive,Low,Day,ENG-02,6,False,False,135,50,3.08,0.83,34.35,31.95,66.3,240,True,False,
WO-00834,2025-12-03 09:21:00,2025-12-03 12:22:00,Guest Room,Plumbing,Drain blockage,Corrective,Medium,Day,ENG-01,10,False,False,83,98,3.02,1.63,37.26,62.75,100.01,120,True,False,
WO-01191,2025-12-03 09:50:00,2025-12-03 11:52:00,Lobby,Electrical,Preventive inspection,Preventive,Medium,Day,ENG-02,8,False,False,60,62,2.03,1.03,23.71,39.66,63.37,120,True,False,
WO-01003,2025-12-03 17:40:00,2025-12-03 21:58:00,Mechanical Room,HVAC,Room not cooling,Corrective,Medium,Evening,ENG-05,6,False,False,109,149,4.3,2.48,711.52,95.48,807.0,120,True,False,
WO-00665,2025-12-03 18:55:00,2025-12-03 21:31:00,Guest Room,General Maintenance,Preventive inspection,Corrective,Medium,Evening,ENG-05,9,False,False,93,63,2.6,1.05,25.17,40.43,65.6,120,True,False,
WO-00618,2025-12-03 19:58:00,2025-12-03 22:57:00,Guest Room,HVAC,Filter replacement,Corrective,Medium,Evening,ENG-06,5,True,False,91,88,2.98,1.47,214.84,56.59,271.43,120,True,False,3.8
WO-00906,2025-12-03 20:11:00,2025-12-04 00:16:00,Lobby,HVAC,Room not cooling,Corrective,Low,Evening,ENG-06,13,False,False,175,70,4.08,1.17,317.65,45.04,362.69,240,True,False,
WO-01053,2025-12-05 11:06:00,2025-12-05 15:19:00,Lobby,Electrical,Preventive inspection,Preventive,Low,Day,ENG-03,12,False,False,168,85,4.22,1.42,6.15,54.67,60.82,240,True,False,
WO-00467,2025-12-05 17:17:00,2025-12-05 20:28:00,Guest Room,Life Safety,Sprinkler inspection,Corrective,Low,Evening,ENG-05,9,True,False,121,70,3.18,1.17,27.02,45.04,72.06,240,True,False,3.8
WO-00940,2025-12-05 22:16:00,2025-12-06 01:01:00,Guest Room,Electrical,Outlet failure,Corrective,Medium,Evening,ENG-07,5,True,False,103,62,2.75,1.03,135.91,39.66,175.57,120,True,False,4.7
WO-00910,2025-12-06 10:10:00,2025-12-06 11:57:00,Laundry,Plumbing,No hot water,Corrective,High,Day,ENG-03,10,False,False,18,89,1.78,1.48,149.81,56.98,206.79,30,True,False,
WO-00058,2025-12-06 19:29:00,2025-12-06 22:55:00,Guest Room,General Maintenance,Furniture repair,Corrective,Low,Evening,ENG-07,12,False,False,146,60,3.43,1.0,37.92,38.5,76.42,240,True,False,
WO-01189,2025-12-07 15:39:00,2025-12-07 19:47:00,Kitchen,Refrigeration,Ice buildup,Corrective,Medium,Evening,ENG-06,12,False,False,38,210,4.13,3.5,238.46,134.75,373.21,120,True,False,
WO-00835,2025-12-07 17:04:00,2025-12-07 20:52:00,Lobby,Electrical,Outlet failure,Corrective,Medium,Evening,ENG-06,11,False,False,140,88,3.8,1.47,11.18,56.59,67.77,120,False,False,
WO-00578,2025-12-07 17:50:00,2025-12-07 19:38:00,Guest Room,General Maintenance,Wall or ceiling damage,Corrective,Medium,Evening,ENG-07,9,True,False,54,54,1.8,0.9,23.14,34.65,57.79,120,True,False,3.9
WO-00680,2025-12-08 15:52:00,2025-12-08 17:49:00,Guest Room,HVAC,Thermostat fault,Corrective,High,Evening,ENG-06,1,True,True,15,102,1.95,1.7,372.89,65.45,438.34,30,True,False,5.0
WO-00102,2025-12-08 20:20:00,2025-12-08 23:18:00,Exterior,Electrical,Preventive inspection,Corrective,Medium,Evening,ENG-07,8,False,False,84,94,2.97,1.57,28.04,60.45,88.49,120,True,False,
WO-00174,2025-12-09 05:34:00,2025-12-09 07:19:00,Meeting Space,HVAC,Condensate leak,Corrective,Emergency,Overnight,ENG-08,13,False,False,23,82,1.75,1.37,53.79,52.75,106.54,15,False,False,
WO-01065,2025-12-09 06:24:00,2025-12-09 09:07:00,Mechanical Room,Refrigeration,Compressor fault,Corrective,High,Overnight,ENG-08,1,False,False,73,90,2.72,1.5,252.48,57.75,310.23,30,False,False,
WO-00484,2025-12-10 18:10:00,2025-12-10 19:13:00,Guest Room,Electrical,Preventive inspection,Preventive,High,Evening,ENG-06,6,True,True,11,52,1.05,0.87,0.35,33.49,33.84,30,True,False,4.4
WO-00963,2025-12-10 18:44:00,2025-12-10 20:30:00,Laundry,Plumbing,Fixture leak,Corrective,High,Evening,ENG-06,4,True,False,38,68,1.77,1.13,95.34,43.5,138.84,30,False,False,3.8
WO-00096,2025-12-10 18:52:00,2025-12-10 21:14:00,Guest Room,Electrical,Preventive inspection,Preventive,Low,Evening,ENG-05,8,True,False,89,53,2.37,0.88,39.19,33.88,73.07,240,True,False,4.4
WO-00308,2025-12-10 22:33:00,2025-12-11 02:06:00,Guest Room,HVAC,Fan motor failure,Corrective,Medium,Evening,ENG-06,11,True,False,84,129,3.55,2.15,140.11,82.77,222.88,120,True,False,3.8
WO-00031,2025-12-11 00:06:00,2025-12-11 02:44:00,Guest Room,HVAC,Condensate leak,Preventive,Medium,Overnight,ENG-09,15,False,False,53,105,2.63,1.75,112.64,67.38,180.02,120,True,False,
WO-00172,2025-12-11 08:15:00,2025-12-11 09:49:00,Guest Room,HVAC,Thermostat fault,Corrective,Emergency,Day,ENG-03,7,True,False,10,84,1.57,1.4,66.17,53.9,120.07,15,True,False,4.3
WO-00659,2025-12-11 09:02:00,2025-12-11 11:57:00,Meeting Space,HVAC,Filter replacement,Corrective,Medium,Day,ENG-02,10,False,False,76,99,2.92,1.65,297.8,63.52,361.32,120,True,True,
WO-00296,2025-12-11 10:59:00,2025-12-11 13:28:00,Lobby,Plumbing,No hot water,Corrective,High,Day,ENG-02,12,False,False,44,105,2.48,1.75,71.78,67.38,139.16,30,False,False,
WO-00289,2025-12-11 13:36:00,2025-12-11 16:37:00,Meeting Space,Electrical,Preventive inspection,Preventive,Low,Day,ENG-03,5,False,False,136,45,3.02,0.75,69.98,28.88,98.86,240,True,False,
WO-00862,2025-12-11 18:18:00,2025-12-11 21:05:00,Guest Room,HVAC,Filter replacement,Preventive,Low,Evening,ENG-07,6,True,False,106,61,2.78,1.02,119.34,39.27,158.61,240,True,False,4.2
WO-00142,2025-12-11 18:57:00,2025-12-11 21:47:00,Lobby,General Maintenance,Preventive inspection,Preventive,Low,Evening,ENG-05,14,False,False,110,60,2.83,1.0,3.2,38.5,41.7,240,True,False,
WO-00519,2025-12-12 10:01:00,2025-12-12 12:10:00,Lobby,HVAC,Thermostat fault,Preventive,Medium,Day,ENG-02,8,False,False,86,43,2.15,0.72,28.7,27.72,56.42,120,True,False,
WO-00010,2025-12-12 12:05:00,2025-12-12 14:11:00,Mechanical Room,Plumbing,Preventive inspection,Corrective,High,Day,ENG-03,2,False,False,18,108,2.1,1.8,136.4,69.3,205.7,30,True,False,
WO-00444,2025-12-12 14:39:00,2025-12-12 16:07:00,Meeting Space,Electrical,Preventive inspection,Corrective,High,Day,ENG-01,4,True,False,20,68,1.47,1.13,306.38,43.5,349.88,30,True,False,4.2
WO-00186,2025-12-12 14:47:00,2025-12-12 17:25:00,Guest Room,Life Safety,Alarm device fault,Corrective,High,Day,ENG-01,4,False,False,39,119,2.63,1.98,146.08,76.23,222.31,30,False,False,
WO-00859,2025-12-12 19:37:00,2025-12-12 21:57:00,Meeting Space,HVAC,Thermostat fault,Corrective,Medium,Evening,ENG-05,7,True,False,54,86,2.33,1.43,290.88,55.05,345.93,120,True,False,4.3
WO-00468,2025-12-13 13:12:00,2025-12-13 14:34:00,Guest Room,Electrical,Preventive inspection,Preventive,Medium,Day,ENG-04,9,True,False,39,43,1.37,0.72,14.13,27.72,41.85,120,True,False,4.3
WO-00109,2025-12-13 18:37:00,2025-12-13 20:17:00,Guest Room,Electrical,Outlet failure,Corrective,Medium,Evening,ENG-07,8,False,False,57,43,1.67,0.72,63.61,27.72,91.33,120,True,False,
WO-01074,2025-12-14 11:20:00,2025-12-14 14:04:00,Guest Room,HVAC,Filter replacement,Corrective,Emergency,Day,ENG-03,15,True,True,11,153,2.73,2.55,98.7,98.17,196.87,15,True,False,3.8
WO-00076,2025-12-14 17:42:00,2025-12-14 19:06:00,Meeting Space,Electrical,Preventive inspection,Corrective,High,Evening,ENG-07,10,False,False,21,63,1.4,1.05,155.42,40.43,195.85,30,True,False,
WO-00135,2025-12-14 18:12:00,2025-12-14 20:47:00,Guest Room,Electrical,Outlet failure,Corrective,Medium,Evening,ENG-05,1,False,False,86,69,2.58,1.15,150.78,44.27,195.05,120,True,False,
WO-00880,2025-12-14 20:20:00,2025-12-14 23:33:00,Lobby,HVAC,Filter replacement,Corrective,Medium,Evening,ENG-07,7,True,False,90,103,3.22,1.72,81.66,66.22,147.88,120,True,True,4.1
WO-00045,2025-12-15 08:06:00,2025-12-15 10:21:00,Lobby,HVAC,Filter replacement,Corrective,Emergency,Day,ENG-02,5,False,False,8,127,2.25,2.12,160.98,81.62,242.6,15,True,False,
WO-00636,2025-12-15 17:27:00,2025-12-15 18:59:00,Laundry,Plumbing,Low water pressure,Corrective,Emergency,Evening,ENG-07,7,True,False,8,84,1.53,1.4,32.9,53.9,86.8,15,True,False,4.2
WO-00615,2025-12-16 08:27:00,2025-12-16 10:27:00,Guest Room,General Maintenance,Signage repair,Corrective,Medium,Day,ENG-04,15,False,False,91,29,2.0,0.48,55.29,18.48,73.77,120,True,False,
WO-00007,2025-12-16 16:44:00,2025-12-16 18:39:00,Guest Room,HVAC,Fan motor failure,Corrective,High,Evening,ENG-06,6,True,True,25,90,1.92,1.5,264.05,57.75,321.8,30,True,False,4.5
WO-00167,2025-12-16 17:21:00,2025-12-16 19:49:00,Guest Room,Plumbing,Preventive inspection,Corrective,Medium,Evening,ENG-06,11,False,False,86,62,2.47,1.03,19.8,39.66,59.46,120,True,False,
WO-00240,2025-12-16 18:15:00,2025-12-16 19:45:00,Meeting Space,General Maintenance,Furniture repair,Corrective,Emergency,Evening,ENG-05,1,False,False,11,79,1.5,1.32,34.39,50.82,85.21,15,True,False,
WO-00093,2025-12-17 07:55:00,2025-12-17 10:26:00,Guest Room,Plumbing,Low water pressure,Corrective,Low,Day,ENG-01,5,True,False,107,44,2.52,0.73,189.02,28.11,217.13,240,True,True,4.6
WO-00042,2025-12-18 10:36:00,2025-12-18 12:54:00,Lobby,Electrical,Breaker trip,Corrective,Medium,Day,ENG-02,8,False,False,94,44,2.3,0.73,68.36,28.11,96.47,120,True,False,
WO-00814,2025-12-18 10:55:00,2025-12-18 12:28:00,Guest Room,General Maintenance,Wall or ceiling damage,Corrective,Medium,Day,ENG-04,10,True,False,42,51,1.55,0.85,94.09,32.73,126.82,120,True,False,5.0
WO-00803,2025-12-18 12:41:00,2025-12-18 14:49:00,Lobby,Electrical,Preventive inspection,Preventive,Low,Day,ENG-02,8,False,False,85,43,2.13,0.72,24.81,27.72,52.53,240,True,False,
WO-00813,2025-12-18 21:13:00,2025-12-18 23:12:00,Guest Room,General Maintenance,Preventive inspection,Preventive,Medium,Evening,ENG-07,8,True,False,95,24,1.98,0.4,11.46,15.4,26.86,120,True,False,4.5
WO-00751,2025-12-20 09:27:00,2025-12-20 13:02:00,Guest Room,HVAC,Condensate leak,Corrective,Medium,Day,ENG-01,8,True,False,64,151,3.58,2.52,38.19,97.02,135.21,120,True,False,4.1
WO-00695,2025-12-20 10:47:00,2025-12-20 14:07:00,Exterior,Life Safety,Alarm device fault,Corrective,Medium,Day,ENG-04,1,False,False,52,148,3.33,2.47,391.46,95.1,486.56,120,True,False,
WO-00413,2025-12-20 16:02:00,2025-12-20 19:06:00,Mechanical Room,Refrigeration,Compressor fault,Corrective,Emergency,Evening,ENG-06,3,False,False,8,176,3.07,2.93,98.1,112.81,210.91,15,True,False,
WO-00491,2025-12-20 19:19:00,2025-12-20 22:30:00,Kitchen,HVAC,Filter replacement,Corrective,Medium,Evening,ENG-07,6,False,False,54,137,3.18,2.28,151.61,87.78,239.39,120,True,False,
WO-00750,2025-12-21 06:25:00,2025-12-21 09:10:00,Guest Room,HVAC,Condensate leak,Corrective,High,Overnight,ENG-09,8,True,True,29,136,2.75,2.27,315.46,87.39,402.85,30,True,False,4.7
WO-00977,2025-12-21 12:50:00,2025-12-21 14:46:00,Meeting Space,General Maintenance,Signage repair,Corrective,High,Day,ENG-04,6,False,False,31,85,1.93,1.42,38.11,54.67,92.78,30,False,False,
WO-00644,2025-12-22 16:53:00,2025-12-22 18:54:00,Guest Room,General Maintenance,Door hardware,Corrective,Medium,Evening,ENG-06,9,False,False,76,45,2.02,0.75,61.63,28.88,90.51,120,True,False,
WO-00202,2025-12-23 11:02:00,2025-12-23 12:30:00,Mechanical Room,Plumbing,Preventive inspection,Preventive,Medium,Day,ENG-03,10,True,False,36,52,1.47,0.87,12.79,33.49,46.28,120,True,False,4.2
WO-00927,2025-12-23 11:57:00,2025-12-23 15:10:00,Laundry,Plumbing,Fixture leak,Corrective,Low,Day,ENG-04,5,False,False,148,45,3.22,0.75,166.72,28.88,195.6,240,True,False,
WO-00429,2025-12-23 12:41:00,2025-12-23 14:25:00,Exterior,Life Safety,Sprinkler inspection,Corrective,Emergency,Day,ENG-03,8,False,False,7,97,1.73,1.62,273.63,62.37,336.0,15,True,False,
WO-01174,2025-12-24 07:52:00,2025-12-24 10:24:00,Kitchen,Refrigeration,Temperature above range,Preventive,Low,Day,ENG-04,9,True,False,98,54,2.53,0.9,3.06,34.65,37.71,240,True,False,4.7
WO-00343,2025-12-24 12:38:00,2025-12-24 14:25:00,Guest Room,General Maintenance,Signage repair,Corrective,Medium,Day,ENG-02,11,True,False,53,54,1.78,0.9,29.69,34.65,64.34,120,True,False,4.8
WO-00533,2025-12-25 08:32:00,2025-12-25 09:54:00,Guest Room,General Maintenance,Furniture repair,Corrective,High,Day,ENG-04,10,True,True,42,40,1.37,0.67,17.59,25.8,43.39,30,False,False,3.8
WO-00422,2025-12-25 13:48:00,2025-12-25 15:12:00,Kitchen,General Maintenance,Preventive inspection,Corrective,Emergency,Day,ENG-01,11,False,False,18,66,1.4,1.1,61.68,42.35,104.03,15,False,False,
WO-00175,2025-12-25 17:23:00,2025-12-25 18:35:00,Kitchen,Plumbing,No hot water,Corrective,High,Evening,ENG-05,6,False,False,27,45,1.2,0.75,83.04,28.88,111.92,30,True,False,
WO-00355,2025-12-25 18:12:00,2025-12-25 19:35:00,Guest Room,General Maintenance,Furniture repair,Corrective,Emergency,Evening,ENG-06,15,True,True,8,75,1.38,1.25,82.79,48.12,130.91,15,True,False,4.4
WO-00821,2025-12-26 18:10:00,2025-12-27 01:28:00,Meeting Space,Electrical,Breaker trip,Corrective,Low,Evening,ENG-06,7,False,False,336,102,7.3,1.7,17.32,65.45,82.77,240,False,False,
WO-00241,2025-12-26 18:12:00,2025-12-26 20:27:00,Exterior,General Maintenance,Signage repair,Corrective,Low,Evening,ENG-06,2,False,False,90,45,2.25,0.75,23.98,28.88,52.86,240,True,False,
WO-00220,2025-12-27 08:55:00,2025-12-27 10:56:00,Mechanical Room,HVAC,Room not cooling,Corrective,Emergency,Day,ENG-01,10,True,False,7,114,2.02,1.9,105.79,73.15,178.94,15,True,False,4.9
WO-00754,2025-12-27 09:36:00,2025-12-27 13:03:00,Lobby,Life Safety,Emergency light failure,Preventive,Low,Day,ENG-01,4,False,False,135,72,3.45,1.2,59.55,46.2,105.75,240,True,False,
WO-00579,2025-12-27 23:39:00,2025-12-28 02:52:00,Laundry,Refrigeration,Coil cleaning,Preventive,Low,Overnight,ENG-08,11,False,False,148,45,3.22,0.75,104.44,28.88,133.32,240,True,False,
WO-00762,2025-12-28 12:20:00,2025-12-28 13:52:00,Exterior,General Maintenance,Wall or ceiling damage,Corrective,High,Day,ENG-02,10,False,False,23,69,1.53,1.15,2.0,44.27,46.27,30,True,False,
WO-00470,2025-12-28 13:00:00,2025-12-28 15:33:00,Mechanical Room,HVAC,Condensate leak,Preventive,Low,Day,ENG-03,11,False,False,91,62,2.55,1.03,218.37,39.66,258.03,240,True,True,
WO-01151,2025-12-28 15:51:00,2025-12-28 18:18:00,Lobby,HVAC,Condensate leak,Corrective,Medium,Evening,ENG-07,9,True,False,35,112,2.45,1.87,48.27,72.0,120.27,120,True,False,4.4
WO-00318,2025-12-28 23:49:00,2025-12-29 01:56:00,Meeting Space,Life Safety,Sprinkler inspection,Corrective,Emergency,Overnight,ENG-09,7,False,False,21,106,2.12,1.77,480.26,68.14,548.4,15,False,False,
WO-00389,2025-12-29 13:42:00,2025-12-29 15:52:00,Kitchen,Refrigeration,Ice buildup,Corrective,Medium,Day,ENG-04,1,False,False,60,70,2.17,1.17,51.43,45.04,96.47,120,True,False,
WO-00812,2025-12-30 00:15:00,2025-12-30 03:57:00,Guest Room,HVAC,Room not cooling,Corrective,High,Overnight,ENG-08,7,True,True,51,171,3.7,2.85,299.88,109.73,409.61,30,False,False,3.4
WO-01089,2025-12-30 13:22:00,2025-12-30 16:55:00,Kitchen,Plumbing,No hot water,Corrective,Medium,Day,ENG-03,9,True,False,103,110,3.55,1.83,30.87,70.45,101.32,120,True,False,4.6
WO-01172,2025-12-30 14:19:00,2025-12-30 15:57:00,Exterior,General Maintenance,Furniture repair,Corrective,Medium,Day,ENG-03,15,False,False,59,39,1.63,0.65,33.76,25.03,58.79,120,True,False,
WO-00474,2025-12-31 01:48:00,2025-12-31 03:49:00,Kitchen,Plumbing,Fixture leak,Corrective,High,Overnight,ENG-09,12,False,False,45,76,2.02,1.27,67.24,48.9,116.14,30,False,False,
WO-00414,2025-12-31 18:35:00,2025-12-31 21:58:00,Kitchen,Refrigeration,Coil cleaning,Corrective,Medium,Evening,ENG-07,5,False,False,92,111,3.38,1.85,205.43,71.23,276.66,120,True,False,
